id,price_target
0,22245.87942054634
1,23310.075471922897
2,27244.73836181584
3,18821.32927054811
4,20005.339637385347
5,18304.382969410384
6,21507.087039353402
7,63023.9120235696
8,24468.90138953475
9,16499.1414276975
10,27470.8304300287
11,15989.012603668878
12,17280.39565180428
13,20202.420653147972
14,30753.91940360018
15,16361.779768399767
16,17482.04156811247
17,16422.906428385795
18,17792.526053854137
19,19171.54053257291
20,29664.924743660384
21,22898.17769108532
22,21942.68121902531
23,18399.774971102815
24,24767.43701538181
25,23911.746881847143
26,39273.28201892966
27,18268.669485691986
28,20703.40484872595
29,26346.69556354841
30,28386.437455238873
31,25227.030709337825
32,24238.790619196272
33,20832.674261088403
34,16219.983093616356
35,17835.811529873827
36,28340.595656069323
37,33270.89017088551
38,16483.318412544602
39,24447.971650768748
40,19210.3344572623
41,17777.416033158792
42,16829.648727980806
43,31798.012567331883
44,41823.62969622736
45,16085.6644939725
46,25691.19081006953
47,16309.106513603112
48,17578.26410152886
49,17247.612017266605
50,16911.047949994507
51,28761.205299514222
52,25985.16995980118
53,31317.02581185624
54,42758.30087506055
55,25045.193627074357
56,45026.89057852463
57,19037.754500282597
58,27595.260479754812
59,23224.15273979978
60,32518.418344813846
61,29253.791471925157
62,33098.464952243885
63,21400.214784277432
64,17542.93496353644
65,18002.74997072396
66,19012.52457872798
67,24931.448171436994
68,30153.11351427669
69,27185.11399623741
70,17297.48737688264
71,21340.632063300414
72,36875.32975635416
73,24296.557689907208
74,31011.437667354818
75,32765.82839519874
76,35957.6251746983
77,17775.09248524907
78,16787.639979633386
79,39877.226053902574
80,18251.15861241435
81,16877.565244169084
82,16345.914433017579
83,23558.81364234109
84,20579.37224924114
85,28278.099596215947
86,19118.485520270515
87,16648.850342702302
88,15894.71337017526
89,18425.485460347754
90,19112.889096487812
91,30078.46825159722
92,16124.229623104258
93,25225.12254027327
94,27768.07502492769
95,39980.95360341402
96,28128.903534653808
97,17800.929146346316
98,22929.84815452986
99,17272.902559929717
100,17524.558633337456
101,19833.73164033307
102,44290.66361235174
103,32900.735315342536
104,22475.83393817681
105,18903.438181278012
106,23585.897760003714
107,37786.140582992506
108,22070.570238270084
109,53679.95758092274
110,30777.28419870353
111,18092.886442175215
112,28417.36275974085
113,19868.842446729806
114,24317.854810129822
115,17145.79210974793
116,19517.68222233243
117,16297.714907209493
118,18912.452011304347
119,20823.63783918969
120,35279.129093468466
121,16228.35932525199
122,27816.73489686912
123,48572.453700372585
124,27838.394233629086
125,25023.918285472984
126,24619.087315197896
127,19839.59360549069
128,31723.90925742622
129,21542.34018960715
130,16355.306494297925
131,37818.67836822527
132,28107.82943947757
133,19248.18298508909
134,16664.690073032707
135,27280.374069766316
136,17704.588538442556
137,28499.318847638697
138,21267.0840540095
139,24689.476082710473
140,16697.189889950685
141,34379.4972139703
142,17298.64407610694
143,26305.782311936517
144,43081.53161317101
145,16277.37723885156
146,17345.962140290492
147,28531.54078931422
148,16877.340293706045
149,24183.304578944542
150,29133.809807985424
151,32456.644036243943
152,27588.334666996976
153,18795.087426530008
154,19050.739592703216
155,24738.354763292416
156,31170.572605085676
157,21322.648213963905
158,18366.248239667308
159,28173.57810425354
160,19621.64652458029
161,69786.59343036597
162,17792.924544540398
163,36737.75729115913
164,27404.6132514848
165,31440.70072223749
166,16505.198558328157
167,36368.034069474015
168,18590.384340282195
169,19828.07856059081
170,23070.489174965096
171,33615.95541317681
172,24653.978003666605
173,22745.768602782322
174,26138.95602515663
175,32104.735650156996
176,22612.070876729693
177,17180.983514007494
178,73092.18414166561
179,16238.898881985993
180,19042.382899383258
181,20140.0417811877
182,24545.755479705054
183,24856.453911777706
184,21566.45349817138
185,17512.65621676245
186,17633.210568025654
187,16928.577411916252
188,19469.317580126117
189,24684.660510312566
190,17040.925520650824
191,21002.949667008364
192,23954.99194462711
193,50213.382758236155
194,28501.79785492403
195,16099.456261325964
196,23872.167463292106
197,27558.346432049002
198,79548.43994110425
199,44310.57639359553
200,18669.692287872815
201,16447.779847171158
202,29833.178477443773
203,22423.16217129181
204,23862.36916119879
205,30911.1624579415
206,17426.000865667185
207,23191.692752047453
208,24124.8719240232
209,19024.538664328495
210,24652.874471471776
211,16283.224707172581
212,38227.72432776597
213,16147.603500118683
214,26594.864434839128
215,23762.22555606686
216,32365.075196642854
217,43545.78677499789
218,16862.207120607596
219,19218.903923424245
220,16601.329608940185
221,19559.062830872663
222,45011.89063816759
223,28391.306895717622
224,16378.019818601613
225,21528.917761333345
226,17540.323279241173
227,21629.89997820716
228,24075.271696919794
229,23187.919435343283
230,24531.520912385724
231,24128.701373561933
232,17047.03725188203
233,19163.550110181895
234,29495.58100683351
235,19030.80732439189
236,17128.092639155806
237,17176.565661531295
238,27504.15383300275
239,24327.834860375515
240,22181.064903028724
241,17533.500880696643
242,28004.007080695163
243,18317.77674753468
244,16650.50546138675
245,30997.553806922566
246,23296.953660395986
247,19240.4781716848
248,30389.285333094544
249,15991.549575459187
250,28744.49651630168
251,23193.183019251534
252,17632.787759784725
253,34965.6457787722
254,22132.161882007444
255,38742.29793889879
256,16527.447527561457
257,19824.28012657035
258,36751.35515705365
259,27200.08665566126
260,33733.297120682386
261,23049.518932299827
262,16854.564234935293
263,24023.14741518471
264,19555.28496856017
265,20702.01857881659
266,17321.393915888697
267,18407.96774118066
268,40189.0143610941
269,36862.93283927487
270,17586.78233579475
271,18612.176415179885
272,22708.670908051394
273,24308.43095568685
274,26268.88674963094
275,23273.318262369205
276,107924.45162235189
277,18792.358162495955
278,25118.32814513877
279,19510.711874882967
280,19494.26707774396
281,18801.457025648622
282,25651.855267726387
283,30482.39221331123
284,18797.01681933951
285,21053.934360506366
286,29292.059984479085
287,25005.680519181933
288,27033.844270183785
289,43736.242164497904
290,17493.789018611493
291,17294.083422637028
292,33148.80333115251
293,21743.347498901723
294,38333.13951857966
295,21450.486278681845
296,26723.50967939082
297,28976.812019687837
298,30613.96766209611
299,16512.328527053316
300,19821.76658976671
301,15915.734707240255
302,23429.5865532883
303,23485.91988534805
304,25908.76119060413
305,30920.622885321955
306,17335.3747365323
307,30884.23018271936
308,27604.498077735643
309,31491.878783900567
310,27377.074212211744
311,31281.292266204415
312,22726.082596609762
313,22070.665481709064
314,16780.84876368481
315,25953.70280411653
316,61302.690649017546
317,35396.49338935912
318,34256.1422692894
319,16127.970495896745
320,17000.60797669766
321,17268.959993226305
322,18825.77225957773
323,20946.422821784578
324,28609.684797133174
325,16458.969672165193
326,22429.56914816769
327,19405.145875855895
328,19525.662917684014
329,21422.10834874815
330,20255.17774732434
331,31898.38026543649
332,26775.943231770118
333,19208.311086040252
334,25936.895883184614
335,31968.44366595373
336,43263.61005601057
337,19132.82843184525
338,18944.695430254975
339,23389.69102591033
340,19581.164921230822
341,37525.89448885892
342,17111.885278195135
343,28994.874745093573
344,16650.85631568093
345,53197.90805980595
346,26466.132358581308
347,30266.163059131683
348,28747.552888137285
349,28067.959950476543
350,16969.713748843395
351,17888.762249775835
352,17044.46968175112
353,18913.014911691025
354,16422.377879610038
355,28029.33130388624
356,21238.737989007182
357,20239.453804822904
358,18911.497009311013
359,15836.936244846464
360,17548.95757291461
361,20719.63233372895
362,26758.29395675027
363,18967.33003215496
364,16298.532061983833
365,30040.94495638232
366,22987.51733377142
367,20575.55759583588
368,17206.03158503808
369,18337.33848391312
370,28874.054446131988
371,20153.243778514643
372,23812.238166942727
373,23629.832427703495
374,17628.018282154364
375,24903.767319474544
376,24234.976217631
377,23760.466247920704
378,26479.566721602067
379,26971.919129367856
380,18978.267696504852
381,27244.44374217981
382,40783.33864993689
383,29782.364937567927
384,16337.01691157825
385,38550.765042106694
386,19729.049256391656
387,21241.63455539897
388,23510.650178702694
389,17874.509957460657
390,25054.099710583057
391,26583.958688449206
392,32759.770023769877
393,28290.34322871612
394,28050.709066899373
395,30026.356673955255
396,19246.247049533686
397,35775.13518112757
398,29631.082050174253
399,18271.506654725996
400,26474.424774778367
401,16254.328857695311
402,17266.71207764109
403,20492.03295908378
404,17245.01045818246
405,25664.494479141453
406,19316.2347128354
407,33458.010816616064
408,35026.27427045186
409,21797.03267159577
410,18237.06874791568
411,28462.445088521377
412,16729.451319417236
413,17786.95024283437
414,16682.02154518221
415,28359.754843307634
416,24318.448335219513
417,16557.13078146019
418,17811.78507633131
419,90842.86826201016
420,22060.471827142366
421,24405.315696894108
422,16762.650753433325
423,20681.787149169788
424,38496.28885232525
425,17254.928576214374
426,21031.90218567078
427,17901.819337704917
428,22299.515428242434
429,16584.791990412934
430,35507.023386520435
431,23476.775872210503
432,17224.9451345175
433,29693.656384531118
434,30383.10438619896
435,16472.683021640267
436,16144.15850422335
437,23855.831801736702
438,16620.15834735153
439,16358.992884215102
440,22795.821745342128
441,22249.06123466713
442,23762.918647056755
443,22923.131849586127
444,25879.6177003798
445,17982.93136512462
446,20421.802324220727
447,27324.498869662613
448,24913.323878262312
449,23863.80739387841
450,21578.957297982703
451,77581.94805862421
452,28788.632220235577
453,24034.234117822136
454,46718.42950228689
455,44931.809954981436
456,32100.660181413696
457,19461.87318651396
458,24156.190014918502
459,16568.01472696551
460,17751.54809353975
461,20165.883950583873
462,19149.35811223249
463,24049.80681947857
464,30190.00986039102
465,19381.00348371519
466,16277.745995064097
467,23219.034154334084
468,22402.484305469658
469,16699.02583092688
470,18645.88049325384
471,22641.8882928213
472,43934.52184522156
473,17720.019839809167
474,31262.133517109374
475,16364.851142240777
476,50240.150370895775
477,26656.102299065456
478,16588.992333481554
479,29418.00126510154
480,27253.71284157762
481,20478.593459455242
482,18960.649055695107
483,17890.095374454148
484,17772.914503994674
485,22558.333698710765
486,30320.761194942614
487,30937.78109130257
488,26736.440568468366
489,17086.321570911314
490,17142.68719025568
491,27941.599245148882
492,21456.260619092463
493,23437.189802520363
494,16183.659285281328
495,21046.54410066544
496,24351.17108300228
497,16788.399646383015
498,33414.29197846606
499,16582.00311848424
500,32072.57538816852
501,17128.362730215682
502,24858.776980760435
503,19055.8171024191
504,23681.16709713821
505,26496.748124252757
506,24843.355361152535
507,22647.653652976307
508,22757.364571030823
509,19791.92369817959
510,21505.47767142499
511,21048.331581776307
512,16393.45835008126
513,16214.985937920785
514,17208.10758196003
515,34045.75950787567
516,26482.55372737163
517,18838.110130873458
518,17686.88533707141
519,21318.992389069484
520,32032.228640591737
521,17274.307858807617
522,31059.3283352254
523,28135.77626172963
524,21546.84052261654
525,30126.25617226612
526,16586.60409963813
527,19610.83351176112
528,27400.40520409005
529,30274.29671541344
530,17976.56390416514
531,22383.463217625456
532,25969.95865755913
533,26077.642894989996
534,20010.06770105843
535,22594.59156054675
536,17155.41442239537
537,23421.994528286352
538,28486.70568861526
539,17982.183282455735
540,25794.069152297434
541,37973.414983306124
542,17901.282618648187
543,25419.353004788856
544,25112.89392544623
545,23374.7008778032
546,16571.339440644668
547,23609.18485362253
548,36162.93371103713
549,36429.76520654897
550,16709.884104140918
551,24456.01526521193
552,39152.081340158344
553,32064.02589313916
554,23265.84092177256
555,17443.581145282693
556,21672.722167645054
557,30540.04695043945
558,18034.972713909192
559,40894.65952811889
560,21048.979916535183
561,16641.834207741776
562,19875.693739156693
563,16824.06129764625
564,24595.05476960298
565,16622.915535079854
566,25905.37093266458
567,16717.72335418291
568,25283.536209143705
569,17601.197891925076
570,16151.665192258106
571,22052.82163627252
572,21547.543014027084
573,41261.15097120074
574,19136.16504477799
575,36736.13413270551
576,21220.03956002425
577,26112.030602111892
578,22677.184753977246
579,16985.677058956862
580,19378.056649913902
581,24249.888919611665
582,19823.236873127385
583,24246.31670266537
584,17345.295837830035
585,25951.88329517555
586,22290.840920049475
587,19609.416025085517
588,16729.957736509
589,21516.533256893723
590,83297.1304691583
591,16168.255649184232
592,34677.63770949376
593,26800.130185731763
594,21654.71544933667
595,20499.400625791877
596,16386.95492700908
597,25361.75774920021
598,22371.29072212692
599,22710.259871888353
600,18867.16870292214
601,20094.518303648558
602,30671.728709788145
603,17306.79426167676
604,16375.112434253504
605,16079.83506366675
606,19570.08024539805
607,27067.3861049805
608,29604.17759260578
609,30028.514756813165
610,28710.042134777304
611,17081.742272144143
612,20845.304615172856
613,23822.090707793584
614,26083.62506194291
615,16826.048943611444
616,32653.918435133604
617,17015.47997365258
618,20614.86592858994
619,16531.89407571182
620,22938.59609365905
621,16733.29768319711
622,18104.54884805698
623,20237.458747712837
624,28378.903600830454
625,35281.31876253485
626,17412.120542387023
627,18067.19806667783
628,17880.47082198388
629,18852.19927464645
630,16441.2592970591
631,20256.043528734903
632,27523.8374316733
633,16138.1488218176
634,18634.40853888514
635,22982.9257539553
636,18114.459435658893
637,23390.979894963562
638,17806.529196153297
639,20236.558897326464
640,26892.74557080567
641,19788.402299320434
642,24998.00978307536
643,16404.567168330395
644,30349.435762417383
645,20324.637104239206
646,16870.833590915143
647,32566.537851692454
648,17517.039359846924
649,22071.223835567413
650,23558.624714318288
651,20712.71521475613
652,25205.93852633043
653,16086.641852455077
654,24425.40992162547
655,17275.803386704207
656,20583.911982383786
657,15935.912615313595
658,17495.254485178226
659,20320.13958335722
660,16344.847633735986
661,17659.573106638687
662,19370.850320550915
663,29041.18173006677
664,19262.14230318254
665,24379.278563551325
666,17627.19672246915
667,17885.91243444532
668,19017.273223735494
669,33324.957627817785
670,23603.995405842245
671,17258.02220194041
672,26476.500160622603
673,27429.456043323196
674,17103.31246344602
675,24743.00745734416
676,20754.774423331677
677,30789.18366618867
678,40092.19237402278
679,19259.895193688408
680,20453.72392521081
681,17645.419647218197
682,26519.758711247516
683,28379.91462459997
684,17025.203861072187
685,17047.711174860193
686,19619.804736122023
687,23967.793377206013
688,25216.228616071396
689,23173.431886378905
690,36093.225603727566
691,17891.540946580222
692,25071.411142472694
693,20466.383725094434
694,23391.188900914258
695,22975.797024379255
696,19922.80722015464
697,21870.613290594298
698,16514.669616226776
699,18873.390173309876
700,21511.706211881956
701,27120.827167885724
702,22607.513375722123
703,24544.428110922352
704,19016.66144153054
705,23805.682920014096
706,30268.79055341367
707,19045.16690601324
708,28638.98921049471
709,16186.521411594118
710,30366.436535480945
711,19189.40117586691
712,19347.17167027838
713,17485.75175099916
714,27356.24383096684
715,17188.192740315684
716,27812.277993772306
717,29709.808623496654
718,26780.530016448658
719,18322.784334775424
720,42902.0391618178
721,22523.309233056025
722,28421.7587653447
723,17048.38072085463
724,23351.669013258434
725,34225.18640194707
726,16305.797697554408
727,18913.031039089426
728,20847.291448170257
729,20017.06104176061
730,43612.96156956599
731,16298.560618652173
732,24036.73259051781
733,27001.694841060904
734,24454.36785235244
735,18572.20425244428
736,23912.436492667774
737,32501.769300830943
738,25862.29114082598
739,23703.824756166476
740,17836.723185376173
741,22039.90417239375
742,25618.438048777447
743,17115.893031312924
744,23190.28473475289
745,37902.00174720638
746,17125.007826536897
747,16205.999381029838
748,22338.778957083414
749,25003.531724722925
750,22040.563981260417
751,17675.98819490848
752,19285.30067612719
753,32312.47070190335
754,23779.313703368884
755,21247.296517718594
756,19302.54574061345
757,24117.926214468083
758,22544.799335697953
759,17293.935279960027
760,37872.22966781024
761,25364.196466746966
762,24169.336873986227
763,16904.955914830698
764,24730.014924886997
765,23416.12159527762
766,17020.662399436387
767,20063.77756125935
768,30773.1517054669
769,16762.052516016563
770,18661.505707054403
771,21150.570636028126
772,29534.52337571704
773,31425.52870911746
774,18615.014542164736
775,25597.516480867656
776,23979.18555373281
777,16399.541791678654
778,37521.34911227372
779,16636.117457035805
780,26683.66961326604
781,17985.89674780158
782,20664.447704418464
783,23889.375972771966
784,23794.26303566288
785,16533.993418924903
786,39393.066676519025
787,16982.981628924397
788,16875.36308777097
789,17753.0834944887
790,18229.348088048995
791,20501.57700080577
792,19179.051348478937
793,22313.453593662183
794,60393.430191087085
795,18044.818598547758
796,33950.043360930315
797,17301.927713624023
798,19956.041355791145
799,22820.624487598216
800,39681.20321905067
801,20901.758544564098
802,20383.7494013739
803,17185.15135020892
804,25114.18599828806
805,32146.769819299927
806,23340.799647060758
807,20397.273513080738
808,19767.343822822335
809,31911.748567702776
810,39243.71162527717
811,23917.199459799336
812,28471.155649633634
813,19041.401019676516
814,23176.767568590527
815,18320.8899878786
816,25718.18552416191
817,17173.38645099684
818,17728.293986340977
819,37677.74199224189
820,18543.869932032685
821,24123.52725140442
822,16611.41462379062
823,28371.718242724903
824,17098.87592820947
825,19848.11026515707
826,17507.05320090089
827,38294.34218451372
828,17722.03890797128
829,17468.309258657842
830,22218.164334450266
831,16834.3382211413
832,18415.65365113999
833,24605.826448819404
834,30196.31525636605
835,19555.12712792994
836,27700.39497140087
837,18402.076959838723
838,16858.070999672276
839,28103.275385024503
840,19246.86417074883
841,19731.282835040496
842,21947.066682059733
843,19162.90019428338
844,22794.136534760903
845,25550.280356547308
846,22131.768381122965
847,29184.33205185428
848,34611.284702392615
849,17107.73427279373
850,18944.622107532523
851,20601.715686039497
852,20473.480132479657
853,17065.323433851878
854,27308.441618731413
855,35738.16469170133
856,25737.79335147724
857,17919.404766663545
858,24469.640754529766
859,17226.32975666986
860,18148.970915640355
861,20835.852666334464
862,40017.39184746971
863,27015.044383116212
864,16661.232574080866
865,36018.25865362614
866,26718.857084555613
867,29931.071424137906
868,42314.76585022968
869,16235.836529889652
870,16903.713701903205
871,16431.329284901403
872,30571.973332567268
873,28741.356802530623
874,21029.27428293682
875,31293.055251091584
876,17583.442081346653
877,35280.04237249955
878,38859.73089027504
879,28447.43234309692
880,23269.026946559265
881,16836.945200740814
882,25204.251696588308
883,16205.803698522743
884,18920.021818741818
885,18745.70997222718
886,20415.990455706582
887,25397.743799841213
888,26817.03944865661
889,22471.315568461592
890,29545.674363106184
891,20574.274128241326
892,16372.371941651254
893,32077.854514655017
894,17210.31506053476
895,19290.200938396356
896,17810.120480432965
897,17521.188168139415
898,26013.723449356174
899,18836.392623723117
900,20014.612141431582
901,42324.1241571797
902,32514.99939301948
903,28665.62699619073
904,31374.25034415739
905,16638.547149461014
906,22881.70923382498
907,16361.782013070417
908,18851.76679264953
909,19495.453314883376
910,36162.27489855621
911,30924.611662503863
912,16069.48003707388
913,24680.25272157199
914,17245.383449037996
915,17041.437638225507
916,25034.468370190858
917,18678.497121692424
918,21007.325143206155
919,28575.909808819895
920,24020.323679273617
921,22008.477750077214
922,17535.067804425296
923,26664.975637681982
924,25612.047899212957
925,17599.800718174443
926,24549.641362537663
927,43610.273806185214
928,21882.916733696173
929,32417.81799264665
930,17764.977455849017
931,18717.810770306824
932,40756.58902619539
933,16871.949835781605
934,28895.42623783532
935,28959.800076838244
936,16656.718075399218
937,33871.45532328979
938,31633.079473498867
939,18215.31794946095
940,20316.21322781306
941,19982.91388254236
942,27287.72836063345
943,23724.81638902248
944,15862.253508927515
945,31019.52757694261
946,19188.970210223986
947,20402.50928090639
948,18369.279135510023
949,23461.225072168607
950,16642.799580705472
951,23860.268555060597
952,37299.65490425051
953,16480.169527990693
954,20759.775850400463
955,18695.974108042818
956,16248.556399525482
957,19671.360822274568
958,36784.92014251721
959,17209.110870878052
960,23801.092119594276
961,25221.82496994594
962,30183.781348138065
963,41064.87260118878
964,26254.517785062428
965,17258.131390782473
966,36027.24205251825
967,23921.750473522636
968,79011.13735251497
969,17826.60943870776
970,27429.040451083878
971,16265.321495527853
972,25028.57723834659
973,47177.646323176
974,16805.633893324888
975,17713.36217645106
976,16929.7310229868
977,16807.713894535165
978,25364.388234298945
979,17388.29218280587
980,68385.57906358794
981,16787.53021344136
982,18144.590943567135
983,44548.70626339485
984,31764.43783477245
985,18552.55086564142
986,20194.75160218004
987,16107.151713794494
988,20308.7329407567
989,18761.93540196731
990,23935.814545531197
991,16530.644185925237
992,29858.437855894143
993,16991.871456836925
994,17772.006188894095
995,37849.14394036906
996,16948.837301006344
997,15978.335520515002
998,26135.419383927452
999,20614.021834317704
1000,24284.109321139797
1001,35530.01878072585
1002,24558.62299979181
1003,21842.74052110627
1004,23656.826982851886
1005,26037.07832663081
1006,31997.830803310193
1007,32844.45890660438
1008,27829.49506837708
1009,17573.226917666427
1010,20335.51692476676
1011,30251.904543646753
1012,17151.926116508934
1013,26507.369114829136
1014,22425.543056102837
1015,19819.020753532623
1016,62203.4489642548
1017,23462.3125911342
1018,18381.88314588375
1019,20282.076003785227
1020,24362.749323948912
1021,17916.036681309364
1022,22464.519229216112
1023,18760.1522986666
1024,30938.9663671642
1025,16989.017492203624
1026,17066.088611760097
1027,27947.106408185067
1028,16513.285905164874
1029,39447.93096585796
1030,18398.134182563485
1031,25847.039591404806
1032,18111.559942009586
1033,16835.861449635013
1034,17836.013362014117
1035,20203.798265196707
1036,25565.612731070858
1037,17515.299690391854
1038,27552.14870512824
1039,17134.43161241598
1040,29505.386354539747
1041,25832.282155867782
1042,26976.938567254863
1043,21392.837362923463
1044,115712.65562697078
1045,18415.92848634138
1046,27335.405607280398
1047,32313.720450871042
1048,32623.859154926875
1049,28065.947087185814
1050,40992.26680892431
1051,21630.497538317584
1052,20531.574378542857
1053,24851.984906989317
1054,21896.75544459813
1055,24808.069944471226
1056,20863.87492441401
1057,27804.724046581865
1058,20758.43374004123
1059,25395.616360592827
1060,17208.776351522498
1061,22233.991809885312
1062,31792.212220178728
1063,17505.695491123086
1064,24408.95009772049
1065,53344.424483176976
1066,22993.593718470667
1067,21318.30321136374
1068,17971.48777259882
1069,17840.487769231466
1070,24039.96072654317
1071,22699.08584334726
1072,17327.99839625323
1073,24941.444657511758
1074,16651.903400222775
1075,26952.355759070288
1076,18387.415631685726
1077,19255.09029097494
1078,25587.717703614493
1079,24093.146140093657
1080,24712.147810181777
1081,30844.27175510004
1082,16765.459763857838
1083,18675.194212153147
1084,16807.087221089238
1085,17085.07161816454
1086,20785.157562490196
1087,24101.334163091473
1088,24798.66102054514
1089,17142.850798703246
1090,42495.557472702974
1091,37899.12481047702
1092,26633.02342369021
1093,17111.910349942358
1094,21884.57154453698
1095,25089.1489854454
1096,91646.55534494876
1097,21756.838558836094
1098,15908.336103989162
1099,26424.403970913492
1100,37676.396506643825
1101,40682.67298249777
1102,22530.45743445973
1103,19742.35856038496
1104,21461.652852463852
1105,40158.25263185501
1106,44875.60974764865
1107,19177.06326427772
1108,36782.39624577851
1109,23150.81765999713
1110,16944.883318036922
1111,26333.3358170398
1112,17312.699008276308
1113,18742.24442203552
1114,41616.41441982507
1115,25349.193551146174
1116,16861.88303744228
1117,16814.949812296196
1118,21804.297714247008
1119,24482.102153209653
1120,29572.1821769299
1121,30567.533520570807
1122,21015.355862302527
1123,17874.512186224438
1124,30674.177412239736
1125,20007.615594082286
1126,28609.596446766096
1127,32729.99072462747
1128,20210.967696695585
1129,18704.186743071525
1130,41591.32086468881
1131,25852.787640237235
1132,24229.317791121808
1133,24059.802635961158
1134,19084.02357841041
1135,41248.29831911852
1136,19220.100281604762
1137,56609.617289340094
1138,26338.73764445759
1139,24421.02754224812
1140,20564.69260605893
1141,16731.214410713852
1142,17183.03965572987
1143,28599.277832375752
1144,22269.942602542917
1145,33839.220699669284
1146,19807.751749336978
1147,18800.953940603784
1148,31280.056665292195
1149,49104.64830708061
1150,25721.906033934716
1151,20033.19275639887
1152,17178.128485659796
1153,17356.063132381005
1154,16789.91856025483
1155,17843.120854259607
1156,24705.347409956175
1157,18257.105903628802
1158,16776.452163103782
1159,17379.072410826753
1160,28352.269878169056
1161,26168.53045498751
1162,29057.82438652029
1163,20030.401204588325
1164,41375.04256118604
1165,20974.81323197824
1166,23916.246257193558
1167,20694.832470903755
1168,16151.464202292453
1169,17393.68653544827
1170,25221.99253478055
1171,17897.055794784188
1172,33416.09554378269
1173,138576.19980539527
1174,16695.72970646484
1175,23446.239411404447
1176,22631.685857230095
1177,29057.81736154834
1178,23323.01659837016
1179,34845.073686062824
1180,19694.096416601853
1181,106404.44024394
1182,16370.390696183193
1183,18403.08118756476
1184,33308.092378167465
1185,18070.26764253237
1186,18002.736532991392
1187,19014.99461769034
1188,18434.00772228802
1189,34869.48574288795
1190,18990.868611289476
1191,35454.711389534685
1192,26722.374771287345
1193,19534.784818246186
1194,24406.227313580606
1195,19696.48277032919
1196,18246.25505238864
1197,17855.114641021933
1198,19100.278188492295
1199,29127.422692316286
1200,19384.1293709853
1201,27055.14578690559
1202,22163.183070977127
1203,15922.236912075845
1204,18108.99058202791
1205,23475.669043342994
1206,26358.551287297312
1207,24922.30535060799
1208,22229.201290988654
1209,32838.541133393155
1210,38832.321022455624
1211,118713.77365062934
1212,16658.73226958552
1213,23915.172196538573
1214,27606.98057036433
1215,35651.16664975189
1216,30328.223664586785
1217,33046.43597926466
1218,16681.46525819758
1219,23600.413336655118
1220,38892.50763017165
1221,18269.2230653953
1222,21199.73094863469
1223,25376.15101171676
1224,30120.423572056803
1225,42068.86967155237
1226,23730.666863097857
1227,65578.93606222625
1228,20048.556671998434
1229,31886.339630653038
1230,26229.312053059897
1231,29607.73694278845
1232,22513.039415794585
1233,18812.195312342774
1234,17841.654273552624
1235,27782.18679329617
1236,17571.97931899876
1237,16096.695327922842
1238,24375.295101740754
1239,27037.865128967158
1240,26801.737413448616
1241,22810.374699169686
1242,16448.699336018664
1243,17364.525596229985
1244,18153.011167776174
1245,24063.660478483005
1246,45771.81090336092
1247,28027.785765931134
1248,16100.60989566028
1249,26764.870435050674
1250,17939.500977349617
1251,19315.841097808094
1252,18991.23364744797
1253,25695.1015995823
1254,21861.847720083915
1255,30138.90930875606
1256,16302.82210144804
1257,23584.759604487703
1258,24149.570025424553
1259,28753.842022170127
1260,16332.981125690227
1261,18555.25349288811
1262,19341.079784945574
1263,16928.95583791108
1264,16410.735024081943
1265,17860.776122120216
1266,26898.9948246821
1267,18074.208719949464
1268,27498.256394224733
1269,24910.25980763631
1270,16489.383404885415
1271,22620.745999965446
1272,16166.843047889819
1273,26954.91669638711
1274,33856.00612920668
1275,20741.66678222637
1276,33914.60066833279
1277,16606.22088601622
1278,17126.939952656387
1279,27558.611105731226
1280,17324.005795698846
1281,35170.843226066805
1282,32160.689543237346
1283,16411.211817820542
1284,16774.618132786054
1285,18714.905277696318
1286,22746.031733437707
1287,29284.87100490876
1288,16149.881929657839
1289,28360.360250519858
1290,25378.916389350055
1291,17638.9378978655
1292,46638.5560000524
1293,23828.101621957056
1294,21107.86615914883
1295,16820.570427410556
1296,32884.105183632026
1297,16837.631862274608
1298,19476.744666151237
1299,26525.382681869956
1300,19536.451798995316
1301,79622.65570733331
1302,16650.596369868406
1303,23823.275041135137
1304,16297.112927408622
1305,17169.179677200627
1306,32498.129822273222
1307,21483.187511521184
1308,16731.927752247928
1309,18877.062479707325
1310,27525.26417959516
1311,17815.461480940325
1312,17558.327062396744
1313,17371.551341787726
1314,25895.550125345857
1315,46262.40452595384
1316,43215.64342424512
1317,16754.860085564284
1318,34086.76274262575
1319,16498.23452330084
1320,21303.70801051324
1321,29021.32272167136
1322,19665.242521179993
1323,109637.1477440874
1324,31446.006695220578
1325,24701.0722335315
1326,27574.77264763324
1327,26909.94237275796
1328,26775.185228734455
1329,28320.705727004464
1330,22168.817316903143
1331,35312.318071508475
1332,26690.051374924173
1333,16181.768497450777
1334,25250.903546763264
1335,28634.002813393003
1336,31061.394806179833
1337,25936.617360639153
1338,43995.47389676927
1339,20049.81837133187
1340,43526.01379578585
1341,52769.52312105436
1342,29116.618367249772
1343,35657.58871056406
1344,19197.555741512064
1345,22435.36014129186
1346,24773.288941797033
1347,28013.574137290576
1348,21627.967235249955
1349,25041.11907311224
1350,18863.78492463461
1351,16297.686923496129
1352,27844.231386637803
1353,16559.38030714138
1354,16585.43664686466
1355,17472.16843733504
1356,23460.800572297903
1357,37975.89279081483
1358,21453.873656741845
1359,17717.54624318396
1360,19292.01438928239
1361,30822.930998615102
1362,25381.280924573206
1363,17678.71559050164
1364,16730.127796986362
1365,27028.228025400233
1366,27075.044516294063
1367,19941.277887367807
1368,28089.930490671475
1369,19129.478601571616
1370,17786.075768861127
1371,25160.99388633573
1372,16630.740088311304
1373,26308.767851181674
1374,21147.9209738214
1375,28661.075256890876
1376,26607.61045204153
1377,41115.17908820686
1378,16749.005395226992
1379,16368.561340102659
1380,20662.73836844636
1381,33889.4883874855
1382,31652.178645693653
1383,23712.30800093026
1384,17551.33825251776
1385,31594.678943245788
1386,22405.305347140642
1387,41360.348280108505
1388,17035.832499233
1389,26092.79906328015
1390,30603.934567556615
1391,23063.331785810202
1392,24156.449749342206
1393,27877.734403579292
1394,29991.04891119598
1395,20802.90479182662
1396,38467.522569279856
1397,17414.719556141656
1398,32317.661009735602
1399,25325.866692773456
1400,37016.54216692445
1401,27210.61311854756
1402,23648.380595293496
1403,16845.44245138835
1404,21979.250737562634
1405,17953.998952329002
1406,26100.087801132082
1407,22199.96027164583
1408,16131.56005122504
1409,26720.75092814798
1410,21981.544574872965
1411,33656.48911858331
1412,16766.27496860628
1413,21973.254938334634
1414,16191.801944510727
1415,20924.27029139225
1416,17322.748415343427
1417,37671.12881865454
1418,29037.594905007478
1419,16625.790323424375
1420,18538.2888053011
1421,16566.739000550097
1422,24602.23420507537
1423,22069.794207785893
1424,18369.812103907578
1425,26346.97783110225
1426,20484.5535356913
1427,18751.945706905033
1428,31935.299027478297
1429,21631.15046905977
1430,126081.32157065852
1431,28960.339766891044
1432,27061.2142504182
1433,28492.391837669536
1434,19422.726507038144
1435,40057.565968718656
1436,23947.772339912528
1437,55911.259511068754
1438,25554.13172238613
1439,18771.746846128965
1440,16070.122367568432
1441,19876.331543783996
1442,17115.64629739796
1443,24558.186613500653
1444,28106.957170022164
1445,16678.08209745519
1446,34457.46784418983
1447,18115.21820443386
1448,17409.64186750881
1449,27468.13600165961
1450,28613.252982642134
1451,16694.561316398052
1452,24389.081884461353
1453,17183.66766277148
1454,25884.337560055374
1455,30400.475953009565
1456,28409.79588964319
1457,26965.413961584512
1458,28062.778404669596
1459,16495.37085055733
1460,22856.68415488217
1461,18250.25841390133
1462,23959.72184100172
1463,25053.476290204213
1464,18427.489946889305
1465,52888.08909384163
1466,28606.631697757857
1467,24580.613996158554
1468,17590.56938661428
1469,24351.370728687656
1470,19229.448691243204
1471,28168.726053605926
1472,27781.305657990317
1473,19331.96708809293
1474,31970.18248114495
1475,16680.092964672192
1476,47177.1992782038
1477,17972.675128219853
1478,17201.73107696725
1479,32161.056555725798
1480,16186.712983634216
1481,21403.00383753014
1482,37754.50451391368
1483,23116.941218151696
1484,23952.797034133553
1485,17169.41222375344
1486,19161.185035034065
1487,18296.52313983936
1488,26766.810576349097
1489,22387.287011067725
1490,27716.6462433002
1491,17684.824779929975
1492,20008.48895097805
1493,20349.90946586245
1494,17591.292452253045
1495,18450.66123034154
1496,27321.84476216375
1497,20236.46144480141
1498,19517.62348544047
1499,51831.93970323453
1500,20925.377316660797
1501,17053.019460754676
1502,25492.263498769298
1503,22246.363071804644
1504,16524.12031135162
1505,15998.350406074256
1506,23368.27300863563
1507,23527.569139771265
1508,21145.038970396363
1509,26616.593683146337
1510,18904.957656983683
1511,58949.080681241336
1512,24034.80475177183
1513,65156.88089570009
1514,23205.401020744925
1515,23225.029515531678
1516,45584.573313880406
1517,26312.623003192082
1518,23501.78954492646
1519,19962.21069594953
1520,24591.367634004015
1521,24657.86364615362
1522,18619.549009595816
1523,17617.362961528703
1524,19101.333237931252
1525,17469.923165683736
1526,43306.669841192896
1527,25771.172198497497
1528,25728.587210380392
1529,16708.927341524155
1530,20842.422470164747
1531,45534.42090348025
1532,17626.647623758487
1533,20838.9745327209
1534,40939.10695448275
1535,25595.29820487392
1536,16077.633721444587
1537,27224.657626490294
1538,17983.4197908734
1539,19821.949469302584
1540,17144.15604771984
1541,25581.839447082628
1542,30692.158182601303
1543,18663.0511939692
1544,18868.036467100545
1545,17905.2674931442
1546,17406.555188810515
1547,16838.939944179212
1548,17285.166350311247
1549,19433.282389338183
1550,24252.59342023186
1551,36485.99703329925
1552,25032.412387976663
1553,19279.009387050177
1554,22689.129665838274
1555,17562.803505068394
1556,29809.38326371899
1557,35420.25445475236
1558,24596.706452793496
1559,16940.265514972038
1560,18775.6197159348
1561,18435.5404755104
1562,25931.005166629584
1563,16975.260655050453
1564,91100.46497208643
1565,22446.258797527626
1566,22658.420708535654
1567,16994.90744451947
1568,17201.428001750337
1569,29125.46359440475
1570,30546.98288096563
1571,24586.76566317942
1572,25444.854586519363
1573,25714.13755253979
1574,31564.88953716601
1575,52173.14394529513
1576,16149.359962106579
1577,19093.164767767983
1578,19151.94006244492
1579,16774.5272285948
1580,26334.05895861177
1581,44272.401203511516
1582,24133.492094296926
1583,25165.711987477058
1584,32829.48958589647
1585,22730.96331996201
1586,40094.88039352826
1587,31104.72694788939
1588,18809.11242906321
1589,27794.26687821364
1590,27012.473862421986
1591,25575.200295534247
1592,18932.295147795023
1593,17440.239129155452
1594,27934.584944491497
1595,17128.38034338062
1596,35395.05049166287
1597,20511.791939798957
1598,24477.90755814046
1599,16837.467816142012
1600,24873.81426103922
1601,17915.61628154049
1602,17260.706317508106
1603,25088.14871112322
1604,16441.122454820754
1605,25779.87130223369
1606,15898.762253688656
1607,16197.069195592521
1608,38212.93490154955
1609,28801.605501686507
1610,25687.88128553566
1611,16786.963852160257
1612,16573.971515753983
1613,17451.717800107694
1614,18255.6647657164
1615,21674.259699763716
1616,16341.73614142911
1617,25639.31103101844
1618,22772.579770921533
1619,27841.222932973065
1620,27196.302481733615
1621,18788.295882793023
1622,20949.214682073332
1623,78274.14192885751
1624,27066.40156533552
1625,20596.724901358502
1626,17919.270823903345
1627,18368.398867838372
1628,17866.614167130443
1629,16005.170231842594
1630,17181.54342524373
1631,25269.154142963376
1632,27315.34197234456
1633,17541.438259632756
1634,22892.27242087096
1635,22531.41631601573
1636,17705.24931873081
1637,17868.32747180011
1638,16843.25756255425
1639,20015.15285605276
1640,45080.24551357588
1641,16869.75236345396
1642,17967.739809317405
1643,39234.531457244564
1644,18271.2777256697
1645,19863.72787515662
1646,17116.51114956959
1647,16898.105054924537
1648,26457.35336257211
1649,26040.520121406684
1650,19493.188039418437
1651,17724.156164546013
1652,26221.22093286263
1653,19392.461868929095
1654,16143.555882779916
1655,37284.518749947354
1656,27493.76989413762
1657,20863.708795046066
1658,22586.3765624587
1659,30663.829920749762
1660,17376.1224866214
1661,21091.37656366675
1662,17175.089348835125
1663,20237.071962434293
1664,22755.384668660892
1665,21155.439449630147
1666,16895.410060831746
1667,28317.31531412674
1668,19234.754131642287
1669,28979.381761724333
1670,19094.65667606248
1671,25897.301843646183
1672,16491.744667613682
1673,28722.723251180254
1674,23814.5075613991
1675,22094.605170868388
1676,38821.07860164835
1677,27823.058059359613
1678,83796.89667787455
1679,19344.348077430666
1680,39106.79014729381
1681,17616.22435266649
1682,20320.564578570607
1683,19269.777264535613
1684,23512.6508410651
1685,27190.5293236993
1686,18686.70580266818
1687,27718.307442792237
1688,28022.15166189649
1689,25233.713469655297
1690,22097.628226846624
1691,30559.41628540495
1692,16600.86427184038
1693,16185.188553274938
1694,33322.32713314738
1695,35886.128316995266
1696,16967.895026873142
1697,30049.16459611565
1698,17211.07681291915
1699,19563.393195982062
1700,29638.524679174432
1701,24675.350583821262
1702,17906.202105597047
1703,29446.705896785537
1704,21718.853260563756
1705,22815.873188811263
1706,24289.74375568263
1707,23948.217059289625
1708,22599.763355868436
1709,16543.85744027211
1710,30688.090327714894
1711,16915.59541918931
1712,24955.032783915092
1713,26876.0191112625
1714,25214.624246302355
1715,39102.892846205126
1716,32290.696177898826
1717,19594.10334210696
1718,22980.987334678
1719,17875.61065892535
1720,23629.83615852336
1721,50590.542871608646
1722,27362.06055156563
1723,25725.651831220857
1724,17352.75287763659
1725,16704.18331918196
1726,35412.32910326841
1727,20390.38118233324
1728,23882.346686105066
1729,17207.279853598913
1730,24584.903500511973
1731,17831.997738601123
1732,18772.0273618534
1733,23398.191148441085
1734,20524.03840079796
1735,27000.15567997949
1736,16654.211436041893
1737,17596.537169190728
1738,18035.70463673716
1739,18834.78529383183
1740,16990.52052589952
1741,29943.253237944613
1742,17122.946614471297
1743,29034.2742130952
1744,30877.42744185603
1745,33680.639672818375
1746,19662.102675956132
1747,16623.97302911442
1748,21110.96907348756
1749,17858.427010770956
1750,23899.47940706478
1751,19282.184054283178
1752,25277.028741202535
1753,16937.455793383855
1754,40018.44619249573
1755,19794.203658211554
1756,17030.27108575558
1757,32511.181796918205
1758,32667.72440618797
1759,16875.807097370092
1760,18761.10361508082
1761,21244.90769587974
1762,19508.576307640054
1763,20007.929620880983
1764,18711.45879948664
1765,25037.952861214348
1766,18701.619350053195
1767,27640.166256814566
1768,20109.326127492517
1769,17154.794903734935
1770,41123.45860323588
1771,32243.76748723699
1772,27639.347775362807
1773,23304.26238035207
1774,39188.2406004645
1775,24170.89335435812
1776,17793.298936101102
1777,32116.234337623093
1778,17868.637353856153
1779,28474.194866179085
1780,19425.327642311506
1781,33878.85290895226
1782,19213.355404010374
1783,20444.386724431613
1784,25036.97106970015
1785,18893.634871468115
1786,40944.84787657013
1787,42570.63095826586
1788,23864.653616012885
1789,29349.662360328024
1790,17288.86023838907
1791,16535.31696573265
1792,21167.544022189417
1793,27700.488486820337
1794,16992.27576149975
1795,18942.43076280523
1796,43638.27629455281
1797,36751.06701415383
1798,25533.445619115828
1799,23496.347308218632
1800,19877.526775563296
1801,16782.98420737103
1802,23742.22595257587
1803,23372.423718293
1804,17090.625561883284
1805,54818.148299366
1806,17964.12367721607
1807,22594.16511386274
1808,23112.986230892224
1809,24173.054029654642
1810,40132.36752603893
1811,19835.515470114948
1812,17134.583441645595
1813,30886.55621569106
1814,33692.88640601907
1815,25895.30735880852
1816,18960.876011936736
1817,35662.619656088544
1818,20537.913450495802
1819,16896.52107560789
1820,30521.956126772082
1821,34474.476857963964
1822,17910.13856421321
1823,18742.56157429833
1824,28148.711229548993
1825,26770.98827644732
1826,17679.19280710237
1827,19233.247357293625
1828,25766.078260614497
1829,18913.04952742745
1830,18079.419248002767
1831,21739.49406782573
1832,18124.879941089283
1833,24882.239528501097
1834,17025.216029912553
1835,18709.31745127162
1836,16282.246396517414
1837,16487.708029673846
1838,16570.6621399972
1839,16387.64037991043
1840,22098.08155935708
1841,28645.28836427884
1842,30724.832853300424
1843,22822.11792604842
1844,19084.567809612465
1845,16751.85014759834
1846,22916.472398260827
1847,18660.86410367739
1848,21135.676411545614
1849,17624.836383942322
1850,18958.8619214632
1851,16387.784947685122
1852,18061.155589001326
1853,49240.86855469884
1854,24194.515519250905
1855,18659.195545074046
1856,34798.80709331676
1857,17094.37038288399
1858,32965.8449780697
1859,16360.83335562333
1860,16566.421408008937
1861,20746.74994040589
1862,17907.581225112048
1863,16737.531352592996
1864,19442.853696993738
1865,17141.82287401389
1866,22486.478467105404
1867,36931.24708054555
1868,25306.14954643244
1869,24126.389864886114
1870,16445.858305329697
1871,16610.88061285553
1872,20528.078738881617
1873,28907.259742416893
1874,17389.179938494355
1875,21074.624621597897
1876,29043.320765193504
1877,38071.997377933454
1878,16099.4064902893
1879,21082.31793086111
1880,21770.18810204732
1881,21629.761450285856
1882,18451.89763464348
1883,21445.713022589734
1884,16902.210425214715
1885,18826.063650538566
1886,26252.092985951156
1887,19746.077239472383
1888,29137.44172342795
1889,23630.644008555864
1890,17578.646843770894
1891,31916.81879300056
1892,20045.388993941087
1893,36082.633945669644
1894,20062.169816330595
1895,17561.18879417974
1896,51753.928275452825
1897,26125.99193678056
1898,26062.803415991908
1899,18497.724837166694
1900,23968.579475379036
1901,17249.319563629604
1902,21792.38327941394
1903,36181.39469794053
1904,47935.29781436038
1905,38660.249581320386
1906,19022.919667080125
1907,24729.49582872178
1908,18202.357913589018
1909,30612.77912135267
1910,23207.006742481266
1911,23277.025952259075
1912,19428.75155958046
1913,18078.461557485272
1914,21064.0319762126
1915,19665.127975773175
1916,21613.146399275982
1917,16275.717918765431
1918,19773.802632102615
1919,16165.964315514477
1920,18802.48239458494
1921,18401.384430694383
1922,20206.81902213437
1923,17170.546203720176
1924,37588.001350280654
1925,22468.686262348154
1926,30265.659982683464
1927,19347.423047876542
1928,44168.50386020314
1929,16352.330137965146
1930,30398.503128955985
1931,22833.789048712886
1932,25340.665117619417
1933,26225.97708064327
1934,17282.241498500152
1935,19389.069341886898
1936,21376.250766836583
1937,18737.70313225656
1938,29819.375521930684
1939,22702.717425890558
1940,26622.156613044783
1941,24941.0271396837
1942,18045.81891153845
1943,23781.36286803102
1944,31966.76825693823
1945,27501.730448520764
1946,15764.08747188157
1947,18989.97283199258
1948,25126.542876411277
1949,16684.43716424834
1950,52292.65285224638
1951,24889.585403827128
1952,17864.42069693968
1953,23886.217082058465
1954,35271.943821508234
1955,16664.438456702897
1956,19194.450555460302
1957,24387.391738105936
1958,16596.31556146105
1959,18112.884923741694
1960,27196.77468534806
1961,19423.521473238594
1962,35904.43427937188
1963,20102.72402364926
1964,22975.08181275931
1965,16303.959587292218
1966,21562.132589547116
1967,17735.598027866417
1968,23180.156982609078
1969,35291.34455135754
1970,16408.10615778515
1971,16762.038970985384
1972,56929.34000419681
1973,30672.129048233874
1974,27755.683172806723
1975,24828.858810632293
1976,16129.094173488471
1977,25189.44868605157
1978,26188.817375265156
1979,18471.506948125676
1980,23353.148260750906
1981,23790.07963388179
1982,19397.170821607015
1983,22852.302594222816
1984,18126.186162171267
1985,24760.613284429164
1986,24164.416192408702
1987,34345.78464525072
1988,18826.445751897092
1989,18468.57203192136
1990,15845.184555086427
1991,18221.715333837845
1992,25737.519961797665
1993,17068.77368540466
1994,16443.85883253496
1995,20881.362259020785
1996,22114.298276481102
1997,19900.57824904724
1998,19540.990366384434
1999,35187.00024725325
2000,23007.37053794314
2001,18995.511528467265
2002,20339.251363614
2003,19510.914599106727
2004,24084.306960509733
2005,22779.657472275787
2006,22190.750316697286
2007,36241.260274892775
2008,22080.84746751604
2009,24413.557554681556
2010,17079.51334089214
2011,17811.744110407515
2012,41301.569603137075
2013,43516.79105603557
2014,25539.715528841934
2015,25126.728046891985
2016,34294.61513270062
2017,37981.87049850446
2018,29019.605634913645
2019,26743.324539574263
2020,16627.317224087557
2021,19731.772810804614
2022,17674.173011121446
2023,17013.026140815797
2024,21395.758321554047
2025,17087.138946062198
2026,18675.96147245658
2027,24670.645116658532
2028,22439.055122978618
2029,16754.37521866823
2030,17709.999445175516
2031,21370.827281720205
2032,36553.04244723079
2033,19472.867200414745
2034,40070.927963335285
2035,42099.867118333335
2036,20409.469897419185
2037,22165.18035114064
2038,19641.16167736821
2039,17803.343839815963
2040,21830.72436283151
2041,23446.69689185064
2042,31868.816552144835
2043,17608.41910777028
2044,29436.664061756142
2045,29715.60533728371
2046,38696.708379117554
2047,35808.71402927479
2048,17324.874354725154
2049,19674.42485544009
2050,20291.274165497853
2051,23311.914409675308
2052,22560.341614747245
2053,25679.10962395041
2054,21406.98304388682
2055,16743.180335918823
2056,22717.559613297748
2057,20715.33489332485
2058,20920.490179641653
2059,16065.058421957307
2060,16432.61317875171
2061,27092.33703355759
2062,18458.361982199207
2063,25877.59672883801
2064,16534.942113450812
2065,16513.352322703126
2066,25790.895186289803
2067,18003.300009003426
2068,29937.41108363623
2069,24247.206080260064
2070,36947.32597625883
2071,24243.98539089434
2072,26261.228337774417
2073,23933.45165404105
2074,35763.88945773312
2075,17329.650390364117
2076,43756.89612321717
2077,25900.32069024992
2078,16728.41149860355
2079,18179.62348763811
2080,16696.953225876678
2081,66458.0980922586
2082,18214.065682778677
2083,25138.087901909654
2084,19247.16289962784
2085,18509.792318473872
2086,26777.68595728745
2087,19504.582687762697
2088,40325.06741873351
2089,17123.093858327597
2090,17478.0485550688
2091,52423.89997173498
2092,21926.94088537056
2093,18811.546758279448
2094,15970.148946237772
2095,17431.756015141164
2096,21487.940495429826
2097,31853.58646182469
2098,16279.59520126508
2099,19363.51629042101
2100,18770.158476086202
2101,20229.365227013077
2102,32969.82281086841
2103,24794.321879537016
2104,19893.418910119715
2105,18388.542363064764
2106,30537.73262541754
2107,20725.798632409816
2108,23881.23705748441
2109,19545.77205450146
2110,28041.92993321572
2111,16247.350694122897
2112,44517.74367885174
2113,25489.583598193774
2114,33229.042964549255
2115,30830.059357543254
2116,20386.048148835434
2117,18180.64277331579
2118,16464.055619035706
2119,24358.426570871135
2120,23709.49902713196
2121,22416.65234443488
2122,24397.393513566047
2123,20996.808099394064
2124,17352.610468780964
2125,17247.211863560493
2126,19262.478044225405
2127,25721.323096445347
2128,16756.479701853998
2129,37735.97300109574
2130,47365.1382708671
2131,24992.45379119928
2132,31410.474170916852
2133,17918.750113316863
2134,25160.620672859477
2135,26786.239505044166
2136,17606.154566113506
2137,36617.01871547333
2138,17254.131690753657
2139,53716.84816993977
2140,32999.935806360154
2141,16159.281722272262
2142,18393.62733172858
2143,23290.455438519635
2144,21763.9794086211
2145,25376.91920494556
2146,32039.87860948292
2147,30411.5497401397
2148,25033.303219128502
2149,25670.073043878223
2150,36880.85854286958
2151,16545.093597116444
2152,21187.494937961965
2153,23752.29773986936
2154,21212.597644514244
2155,40202.92513422262
2156,17255.64963806426
2157,18033.38129438945
2158,17315.007893897702
2159,22000.85820965709
2160,24675.611987364286
2161,37425.30591077902
2162,23439.805863494395
2163,25765.81271336782
2164,16494.724267317422
2165,27416.30516537361
2166,22798.168459954013
2167,34771.97903967777
2168,17080.14645821127
2169,27874.41989179355
2170,23768.963966744814
2171,16540.04430604726
2172,20734.60958487923
2173,23581.00677234071
2174,28201.5470323817
2175,22671.465401767124
2176,17595.145019267624
2177,17594.10420743421
2178,23501.527214235542
2179,23807.919766105413
2180,27813.373074571515
2181,23960.39433523269
2182,18234.107674867602
2183,18613.335310076975
2184,18858.83825901022
2185,19043.97290428893
2186,25033.430165972168
2187,16997.667015550516
2188,27482.410045097156
2189,25051.2859997433
2190,25745.26538192651
2191,17375.100699801704
2192,19322.442306456593
2193,25836.205054163773
2194,18902.047074586662
2195,21428.085648431934
2196,23875.313365696285
2197,22096.862124867846
2198,21025.930334493452
2199,33375.220446824795
2200,29677.25653315014
2201,23332.388448367245
2202,16589.611333446668
2203,28522.63599908437
2204,21083.72608975595
2205,16377.24921498274
2206,106754.01188999813
2207,25082.53277624424
2208,49215.81958153684
2209,23256.62316569825
2210,24668.013766763055
2211,33889.304112826765
2212,33179.667108939175
2213,25918.38692327628
2214,21386.56317234624
2215,15983.685355285597
2216,34546.118542958415
2217,23627.415345191042
2218,16844.432355265984
2219,18451.42589190385
2220,23144.545890745543
2221,23431.420565944267
2222,16087.469360713945
2223,31052.686517334554
2224,27079.74170986891
2225,17464.18969378424
2226,33365.67991969218
2227,18900.785067768084
2228,17845.251654236414
2229,34121.245695198755
2230,17514.393577205163
2231,19330.080413301454
2232,21902.977793095954
2233,18388.25156422005
2234,16505.13085944348
2235,39847.81740879644
2236,27566.83480735176
2237,22851.831788207084
2238,18261.189606658652
2239,16284.069088373928
2240,17070.680078595484
2241,28074.78123902933
2242,20542.101071307672
2243,31667.968586167503
2244,23869.887774879295
2245,32892.54927649861
2246,22606.062407861627
2247,19795.413964707936
2248,17586.663148019128
2249,19534.87849363355
2250,20535.407367620854
2251,17712.988779972293
2252,31187.04556719238
2253,24717.767471213658
2254,23310.819253652462
2255,18463.804641884362
2256,18696.564141104012
2257,17189.439685230984
2258,52784.737673753014
2259,27890.426308671493
2260,43908.034073254195
2261,18324.762373471887
2262,53563.5953688639
2263,21277.166057471964
2264,17992.30166024887
2265,19222.27601110203
2266,65686.5924527854
2267,18039.302723443478
2268,16946.72158293981
2269,23716.349570515373
2270,19867.1649511625
2271,17835.709727166985
2272,21918.546944522684
2273,19447.103175559205
2274,19311.208609364334
2275,20321.068125748083
2276,17356.683336368165
2277,25223.01403499414
2278,17598.351561704032
2279,72078.15976268577
2280,17526.07330056736
2281,21691.73478772539
2282,24758.9865600574
2283,26851.283590292885
2284,20705.467368467358
2285,25787.352867051242
2286,19462.523935967496
2287,21980.044753243747
2288,24203.033595845234
2289,16612.452877392494
2290,18604.366516928345
2291,21323.416554456937
2292,16769.370501781435
2293,21195.857260079814
2294,28951.19965488737
2295,20224.499378769564
2296,17131.0323066738
2297,24796.453221452855
2298,28826.284770974842
2299,23966.11551027916
2300,17773.25400999001
2301,17972.573576483177
2302,18847.65294847992
2303,18682.114298040382
2304,33485.09990978327
2305,26137.45215929474
2306,24112.388145252775
2307,30517.879881791632
2308,35263.10075781621
2309,25689.850364528964
2310,23682.66408098517
2311,17818.58435305233
2312,27156.928928212288
2313,22876.49431730839
2314,37453.46690367855
2315,24447.065114332876
2316,27061.485294673308
2317,36154.74157955282
2318,16483.739137708355
2319,40782.3914634001
2320,30130.43247122769
2321,27943.424938087835
2322,24572.828232153035
2323,29449.545537927163
2324,16427.52091217594
2325,16405.494340739602
2326,26312.234515574804
2327,19058.26173500386
2328,19826.484266274452
2329,34124.135412792966
2330,42807.58611990756
2331,15912.10118449035
2332,18092.372697189578
2333,44598.929065586475
2334,30078.020199321683
2335,32134.981879571325
2336,65799.17371424795
2337,17874.277969440172
2338,17970.20997734185
2339,39799.45179602361
2340,20220.261471008904
2341,28700.559104809654
2342,21479.320896609148
2343,18103.610313680503
2344,16729.021224062508
2345,20722.278654505153
2346,45873.90911566687
2347,16575.834903216364
2348,18736.786557666295
2349,17383.15566544903
2350,27758.39464803668
2351,17152.614892035417
2352,29870.157785063755
2353,82703.45092252821
2354,20617.734146739378
2355,22147.65532106123
2356,21295.642973684335
2357,20239.972184658902
2358,37980.10979821099
2359,16561.55387403079
2360,27168.30623347437
2361,24222.346610602784
2362,18917.273531328785
2363,16169.018874907311
2364,25930.421253895915
2365,37531.212852082026
2366,17106.757468147563
2367,16823.66059358129
2368,28341.647358521263
2369,26290.328182080062
2370,35629.68611123397
2371,15886.886310109792
2372,36823.806329049345
2373,26613.316940606433
2374,17648.799209652087
2375,25513.902018070235
2376,28970.80423540904
2377,32650.10919351519
2378,25335.392722399873
2379,25982.660854721275
2380,16242.561926997789
2381,35444.41707537035
2382,19259.907824160797
2383,16653.972005679996
2384,16866.677977111096
2385,22544.899279879446
2386,25633.418999942784
2387,18741.06168432858
2388,23712.394556463696
2389,34566.46132035057
2390,27629.025502654546
2391,31422.418424395517
2392,16780.329902557012
2393,17194.52890294656
2394,20129.186452350652
2395,18596.583941331643
2396,16743.161396085765
2397,16701.638229734403
2398,32435.547432870284
2399,32943.75361704464
2400,22523.97155490961
2401,29883.785103361915
2402,21126.272610993597
2403,16611.71225700889
2404,27974.193075920237
2405,18846.610023545127
2406,19383.37217130724
2407,31089.097798884253
2408,18397.440426932604
2409,21406.59929118634
2410,39737.05812591854
2411,27818.96302646391
2412,26838.30503485734
2413,44137.89208391082
2414,19725.21309988408
2415,27963.222355756217
2416,17100.27734088421
2417,26846.703215468566
2418,17247.049944320894
2419,21404.682282987815
2420,20820.166310253007
2421,23182.489660029292
2422,19432.353807603315
2423,20119.63385868957
2424,17665.55242318148
2425,16910.464487766752
2426,24217.837849491505
2427,16614.315477705226
2428,16134.51979287366
2429,17474.804066645946
2430,16455.17519910483
2431,28603.550605744498
2432,19807.237721991674
2433,16818.367525324975
2434,28860.07822097257
2435,20671.114897903888
2436,20669.067065042334
2437,23117.671585608383
2438,37459.320619296705
2439,17590.913758671348
2440,20909.237201079035
2441,20338.806259627938
2442,28700.207672841385
2443,57074.30456829151
2444,34455.6198563003
2445,34775.04131678282
2446,28595.936251796677
2447,85941.42154252745
2448,20476.115146429587
2449,17107.648370321487
2450,16414.093759954812
2451,22803.314818152907
2452,16868.47849793603
2453,33476.24262849508
2454,19424.568770489175
2455,26767.82071727603
2456,19937.95214167671
2457,18895.50404692099
2458,19164.508719804773
2459,20163.249177261427
2460,25037.486181736553
2461,20704.009051286295
2462,18251.867610070818
2463,16088.266087159169
2464,25057.544163301773
2465,30918.340836343774
2466,39393.99751402327
2467,21511.622506117885
2468,19739.079169444813
2469,31938.268308748065
2470,28344.629241435574
2471,38346.46004229969
2472,16324.656045497433
2473,17278.975319113943
2474,30658.366982371605
2475,20510.5473817045
2476,29102.313163110728
2477,16762.323533412044
2478,25826.330333328315
2479,17882.77707116687
2480,23579.746803961072
2481,25091.35992170338
2482,27246.859964676452
2483,29611.89920406031
2484,19557.99621131826
2485,27500.73043526273
2486,19303.57095907851
2487,32461.095703973315
2488,40604.52702898087
2489,23485.39554008742
2490,31809.290168923853
2491,55238.19093917664
2492,20750.11120813651
2493,89240.78506461033
2494,16385.941169147725
2495,44512.043948533246
2496,23230.792406565877
2497,22549.472963934
2498,18155.716064899316
2499,18638.427501064212
2500,27244.444799109304
2501,23010.564686639784
2502,16101.560778810428
2503,37104.72423471171
2504,19187.48942518385
2505,16093.28411275809
2506,21209.816584877022
2507,16036.956940740754
2508,18062.076191288885
2509,53260.664496854646
2510,19897.485501729418
2511,19569.38207967667
2512,30890.30574257506
2513,18198.695820901463
2514,27643.044041856192
2515,17527.273285933596
2516,38876.18622116516
2517,16305.30145818529
2518,24262.798089646196
2519,17965.979200038797
2520,30510.417041758643
2521,26765.56900653616
2522,18493.758205889866
2523,26972.81624199548
2524,42776.02282709567
2525,35987.54628732159
2526,19061.571121398985
2527,38523.339259865956
2528,28023.28308705602
2529,20239.990796946193
2530,39997.52326730198
2531,19309.342223166772
2532,16830.85570571254
2533,17056.461558297135
2534,16860.582927037092
2535,19984.710122882083
2536,26998.300751953193
2537,36902.32654237063
2538,17692.850211659643
2539,59149.447641457984
2540,23647.07571949938
2541,26996.18951761757
2542,16809.805400126752
2543,26239.07667145058
2544,17854.492903425344
2545,16177.289881968627
2546,16050.491133264446
2547,17002.843566158197
2548,35538.06922960626
2549,18698.108210557926
2550,73998.20633613653
2551,20759.82911022227
2552,24611.133698116926
2553,29359.70369443344
2554,17115.135460060865
2555,17749.121090509925
2556,19427.31710976306
2557,16436.907315087963
2558,16941.101843746706
2559,19013.064962951117
2560,17256.838446716723
2561,31151.094827405126
2562,41319.90135496986
2563,22482.632288775723
2564,19103.640798617245
2565,19910.81039475706
2566,16326.53857490263
2567,18759.696187815636
2568,28969.566522350207
2569,19461.508464696362
2570,21226.596599168148
2571,23313.58041462661
2572,16913.103250947264
2573,17044.558672431627
2574,33799.82207879967
2575,21674.476809870168
2576,27659.092051019194
2577,21610.237760539596
2578,25035.571179425744
2579,17867.779199831264
2580,33450.806432226105
2581,18760.87450704206
2582,26813.276623932426
2583,19462.576026668525
2584,26508.122842459685
2585,18789.666406383196
2586,20279.75094815667
2587,28153.802842821446
2588,26409.507901017245
2589,17205.574293936745
2590,17018.890550406813
2591,21866.129383477455
2592,22959.277162729915
2593,25710.194192417548
2594,19447.87461307498
2595,22978.8503354917
2596,26606.75296692106
2597,17975.445468609585
2598,16880.19191347519
2599,18215.66837593354
2600,21854.396901799908
2601,18747.800733179392
2602,19955.43473196245
2603,16379.937567374907
2604,21799.57151278127
2605,17402.326574761122
2606,17913.832085517446
2607,19288.284774386502
2608,23709.138975411493
2609,21411.521992997594
2610,30147.569293845216
2611,24015.73159527266
2612,16882.02916672964
2613,16267.416106089724
2614,17396.721290704005
2615,18680.082522050787
2616,20888.363540941627
2617,22959.4662189182
2618,27752.251284355632
2619,53712.63944690567
2620,22852.595457064792
2621,23277.61201424126
2622,23665.348325182178
2623,16194.522034443056
2624,53563.463672224985
2625,18698.163020710443
2626,17987.215196352117
2627,21474.28054817522
2628,28428.126691837315
2629,29190.59848545424
2630,50969.34164266172
2631,16927.85457602793
2632,22460.206987063662
2633,16108.542336358492
2634,21010.542022220427
2635,22668.750948773057
2636,30994.91601116024
2637,18928.591834861807
2638,39714.50612384695
2639,30519.993710609753
2640,31129.306473029334
2641,32644.179045931647
2642,17691.325545581913
2643,20714.1514838647
2644,46088.83737958511
2645,18249.58835409647
2646,27040.98630035313
2647,16812.722750437206
2648,22605.979042778945
2649,32874.545440824775
2650,30904.944369933044
2651,28596.577911400575
2652,36602.866575500375
2653,26810.399300240548
2654,33163.21041879224
2655,18119.24463259113
2656,32122.73969757855
2657,27330.2206412917
2658,32341.90362678358
2659,16024.615847270748
2660,36201.88815187574
2661,44172.83235038986
2662,30760.2603400753
2663,40012.80761291931
2664,16514.801340955924
2665,49597.046838881564
2666,19413.930318822913
2667,21177.734961182472
2668,35396.23367224939
2669,28816.02759910337
2670,16749.92774940694
2671,18388.426305849567
2672,24073.213767313668
2673,16287.888168789632
2674,36802.03727432362
2675,30443.765142731572
2676,29978.385169264016
2677,20224.882473600937
2678,21428.45809032557
2679,35982.740617549134
2680,34288.87318124602
2681,16777.83638312717
2682,16398.827346000544
2683,26401.953501022173
2684,16837.86073543863
2685,16662.82066166532
2686,16723.085094842554
2687,16098.122540922695
2688,22182.640550014832
2689,24738.909811781592
2690,17039.38585282738
2691,20312.614007975815
2692,26718.787455757167
2693,16317.505770011805
2694,37838.83812730457
2695,21454.286301752756
2696,24590.870404770973
2697,27337.969211598105
2698,35202.4080956706
2699,16216.248164354127
2700,22772.086723278284
2701,20189.23400873482
2702,29794.71516487737
2703,32104.966782656746
2704,19001.664636579655
2705,26772.52812323502
2706,28190.81099149469
2707,31555.155891609895
2708,20125.659223437753
2709,16244.972966291969
2710,22819.001637656642
2711,19336.247714928184
2712,22901.609347954654
2713,19544.443814957278
2714,26702.922926145682
2715,20796.002027541086
2716,17803.24693805806
2717,24597.493175246047
2718,28150.750382171394
2719,19255.670028689343
2720,25603.27338215798
2721,33221.37300473743
2722,30714.54878393539
2723,36446.649137265194
2724,18168.414494030963
2725,27541.062510091684
2726,22178.828492733697
2727,26720.189269166338
2728,16997.045453225874
2729,18138.063872028637
2730,17394.757556759978
2731,16807.77018547443
2732,17914.15476435772
2733,16031.260962698554
2734,23493.393904658777
2735,23559.597075808164
2736,17236.587385957457
2737,24432.22380559632
2738,45102.20774989565
2739,17120.35143326475
2740,21432.436416837772
2741,18518.047510473876
2742,24155.78485816129
2743,34816.42213902234
2744,18363.22246135414
2745,27262.632613405436
2746,16977.336067851586
2747,16145.372112266828
2748,35678.79392373639
2749,37157.35707212532
2750,26680.390790628106
2751,17943.08221894064
2752,26038.177622866173
2753,36101.33753364114
2754,26870.44291808409
2755,17229.1155801546
2756,35036.538552292914
2757,16793.791659087186
2758,16769.27719867635
2759,31424.359389328078
2760,17376.09714917052
2761,26256.498708873278
2762,31580.6737898093
2763,40516.06665922653
2764,17168.911580481366
2765,25133.484478909595
2766,22086.761373295987
2767,18921.68701185222
2768,19010.963300945048
2769,24043.78819577973
2770,19244.447809212186
2771,25762.658673294627
2772,24105.081725508855
2773,32539.702136043357
2774,22971.979062399827
2775,19529.261105426132
2776,39487.76006005157
2777,17956.46131397226
2778,26148.735649255712
2779,38512.47926142407
2780,18462.17855779266
2781,17653.43689550069
2782,40675.79871380229
2783,19141.22759702694
2784,23105.426008200768
2785,54182.67474554863
2786,22817.471331891666
2787,21280.702463920155
2788,37271.563079515414
2789,56222.775183528676
2790,20885.050818551077
2791,18727.147296166746
2792,22012.074492159678
2793,16272.839063708507
2794,17326.51560814213
2795,26444.653491335197
2796,19419.62652419529
2797,30914.32267642
2798,18266.34787777178
2799,30038.45006783778
2800,22932.584297267003
2801,21005.970616195118
2802,17127.44116051452
2803,26769.13176688723
2804,23042.657053434188
2805,26222.246792071313
2806,22534.543160605524
2807,17457.3075084217
2808,24645.435905547853
2809,24611.934775053145
2810,18297.39827365518
2811,16722.035095847343
2812,26381.13574163835
2813,16437.244304601067
2814,22355.030301732644
2815,20666.751692497295
2816,17077.98074283187
2817,16527.21088200269
2818,19683.012437750695
2819,16196.376186316853
2820,31239.58283240696
2821,18296.711284101242
2822,26890.136169550973
2823,23620.54195898643
2824,19267.803608760605
2825,26544.578473409896
2826,24012.9798624699
2827,36238.66617299947
2828,28437.203654844267
2829,16734.69214509577
2830,44407.18599635898
2831,36271.322587780945
2832,28712.0247870771
2833,26206.687843543863
2834,21439.710586640067
2835,40142.97607265483
2836,18360.10247473406
2837,17307.615460820496
2838,26748.15420699055
2839,33018.05705608064
2840,16734.336171521474
2841,30564.70378739505
2842,27489.231021583128
2843,18109.24410645134
2844,23436.93537733598
2845,37092.3828410056
2846,16720.585156786707
2847,16422.95295979712
2848,16518.798710701703
2849,23632.797075929066
2850,18496.4781747106
2851,17348.93838685411
2852,17560.645724260852
2853,18561.97660534175
2854,35192.274335838025
2855,43668.94971467274
2856,33950.47524999939
2857,27496.08899450504
2858,20861.90247250704
2859,24098.943108476135
2860,18688.388068291588
2861,29354.385796526192
2862,33514.17642477753
2863,16558.148272022314
2864,26615.464103506445
2865,57867.08015549903
2866,32369.508790507123
2867,39883.89187549314
2868,17276.14296582133
2869,23949.425364111798
2870,16853.455886318414
2871,16996.48514014508
2872,25346.50543869307
2873,22635.10501936445
2874,27444.21362668514
2875,19493.478319315975
2876,17005.260931298544
2877,31669.409282630626
2878,23038.63036819244
2879,24915.089498802998
2880,16763.56006349723
2881,27289.50641052192
2882,19947.49289062922
2883,22871.757500701326
2884,25414.40921200224
2885,31811.497437953072
2886,124944.28314494499
2887,28575.348683870416
2888,39638.53885352511
2889,24726.197687546322
2890,17131.0372897317
2891,17820.696824657938
2892,25601.62240246646
2893,19557.010169680932
2894,39348.9709893097
2895,24662.474578358637
2896,31434.87860902251
2897,32702.140588626327
2898,20397.98556421726
2899,18647.57384214651
2900,26477.5964214542
2901,28546.138987555012
2902,19161.494917422962
2903,17864.36602623895
2904,34783.119189019984
2905,28282.22398591538
2906,79955.98955460066
2907,19794.380562979233
2908,24836.364594282204
2909,17313.755868181146
2910,16641.362066128855
2911,18614.943752057872
2912,21006.491922608722
2913,17532.803614233853
2914,16284.48885918938
2915,27779.90082614359
2916,21666.90700968659
2917,19708.568103198515
2918,20856.28970076869
2919,20459.9525485186
2920,17326.121916270386
2921,25952.706694732184
2922,27543.437542583888
2923,17200.158432987395
2924,17031.70834086507
2925,25802.04105321711
2926,31970.570839592623
2927,41034.62845514873
2928,19731.81797878482
2929,17224.46273518576
2930,21181.47870200755
2931,23841.583657967258
2932,20966.46682402437
2933,20712.556776822414
2934,19251.782917360957
2935,19008.481816202973
2936,23187.565769837245
2937,27212.830952558434
2938,24010.625980821005
2939,16767.561961308817
2940,25012.847400618975
2941,30484.70701573532
2942,27421.55710164412
2943,20364.28978372977
2944,23568.185300369158
2945,43637.87665821049
2946,17869.729844273155
2947,28485.069315378834
2948,24948.022891563447
2949,16603.52150009036
2950,28414.85899848622
2951,29786.437039480676
2952,23687.1543925064
2953,37855.589276927494
2954,19061.938076327577
2955,17066.509395985682
2956,16680.388054676732
2957,27049.014106823022
2958,18385.927147903043
2959,16675.37373904871
2960,24947.01139988015
2961,26186.708836242753
2962,23338.734494933946
2963,16921.37710105064
2964,22939.170807249455
2965,22965.17753296857
2966,29150.67303102463
2967,28167.211782095987
2968,19196.7414202765
2969,20198.92769048325
2970,27058.26741450968
2971,20922.61526113189
2972,26504.678985311326
2973,18210.695906743207
2974,17222.947611130832
2975,23772.722587668566
2976,32462.031879415023
2977,27974.03141875285
2978,17349.338185716275
2979,23056.058256967815
2980,21616.53312876818
2981,16046.263529660268
2982,31731.667943701967
2983,27738.975284424872
2984,19732.103972991226
2985,25159.13882981076
2986,19482.037677184984
2987,19794.38422809875
2988,33099.75079225752
2989,17749.666733188624
2990,37724.13476687913
2991,19795.0421802758
2992,25471.29773822593
2993,17069.240086272726
2994,29176.758938106264
2995,31114.408222853675
2996,21489.611860904337
2997,19226.87638815855
2998,25164.77993541963
2999,26653.197256013103
3000,24797.124622561645
3001,16654.376612483855
3002,18377.38791384151
3003,26003.883128163256
3004,22823.70199291584
3005,29898.512325605792
3006,17527.49795473414
3007,41508.53414091558
3008,16673.71305563142
3009,32403.454710413276
3010,31229.59828812469
3011,30067.829897013125
3012,15996.054592675375
3013,27505.6301492615
3014,20059.314205522052
3015,19141.747873655484
3016,20753.04109247456
3017,23950.870702851415
3018,16423.300295740337
3019,19577.205960776748
3020,20336.26467352887
3021,21530.409756444264
3022,17303.20441674106
3023,18665.510111088017
3024,17322.94388316051
3025,33672.858077831814
3026,17342.749779349782
3027,15960.658442129088
3028,29952.754161250738
3029,17843.636577310528
3030,20964.726687362127
3031,29677.42491811116
3032,23396.54598356149
3033,20244.34250398514
3034,17812.38170927955
3035,35878.837418346666
3036,23438.233069788872
3037,24021.40682821994
3038,17128.94360266131
3039,23601.04587475546
3040,19280.888379412136
3041,24764.635213977996
3042,17360.543477344985
3043,26056.136029044857
3044,19540.699393557185
3045,32357.48373282507
3046,17108.22588131472
3047,21105.47765812686
3048,24750.1084769327
3049,25264.481978865133
3050,16843.786129647695
3051,16939.811451201254
3052,20826.41186249456
3053,23274.19685419333
3054,21505.91792229301
3055,33611.15043092887
3056,25451.755786010115
3057,23017.42191443485
3058,16746.584005633948
3059,16134.532545178887
3060,37270.04148367826
3061,19045.880749587304
3062,17205.433892219484
3063,19046.223619692108
3064,43846.8140086824
3065,16805.804466430087
3066,35513.45940174903
3067,33422.16533371637
3068,21710.93182526851
3069,21359.377396231645
3070,15967.944460768018
3071,16235.416960103354
3072,27708.983546416173
3073,18428.401515574373
3074,23565.202488538336
3075,21172.661012495017
3076,20447.23521196985
3077,30842.241969205134
3078,38791.135258177324
3079,19398.37948245282
3080,25869.149202394834
3081,16160.774635542652
3082,20789.958094492416
3083,17072.651264167453
3084,16715.324731473396
3085,24746.066639771947
3086,21468.781037948367
3087,16542.245970864373
3088,21348.454829325798
3089,20717.091257454354
3090,28624.045664205936
3091,21045.242813346085
3092,22873.16129478562
3093,22236.34270863812
3094,16204.018301566044
3095,17322.823425299524
3096,17903.97192354053
3097,23710.192583836473
3098,20621.642226137326
3099,41087.33541079494
3100,16973.283648351808
3101,23236.990045556417
3102,23592.397502561405
3103,29023.9251096754
3104,22433.823117811626
3105,20366.789226341687
3106,16726.219781553496
3107,20632.626626164918
3108,17046.97408253546
3109,31420.879497869435
3110,25671.16069317518
3111,16546.955390288444
3112,21433.699092145038
3113,25689.215646056742
3114,16313.154527532508
3115,21033.416503109835
3116,18794.655852986773
3117,16570.962859063322
3118,25455.024159990204
3119,52948.02908353745
3120,16928.97480142531
3121,19336.335216950178
3122,31185.654984708537
3123,44809.294127992645
3124,16906.52738282319
3125,16919.029171929295
3126,16571.655427306403
3127,54846.81880929401
3128,17052.682753655336
3129,17528.94811246075
3130,19642.25815602323
3131,31992.906476390774
3132,43057.19844078939
3133,19989.169495345417
3134,23596.659913719523
3135,46439.88200438411
3136,19593.674689575335
3137,18889.59647742671
3138,18661.94080547996
3139,16568.191741235838
3140,18151.74768765812
3141,24748.623043279516
3142,30342.009026182088
3143,32110.938772846162
3144,39747.99441300973
3145,33832.96197608567
3146,25614.422517170635
3147,18401.630530909217
3148,25700.63773214597
3149,17086.178502262752
3150,38481.10613071587
3151,19144.586925780597
3152,17824.773693325973
3153,75484.38472041613
3154,32406.416207604532
3155,21025.74227436483
3156,34317.247034575325
3157,19816.791011208035
3158,27009.09328218198
3159,16374.917431428197
3160,16638.556475126217
3161,18884.69672869655
3162,17966.711303013824
3163,19025.853967789364
3164,27150.207980452375
3165,26239.89526788266
3166,42120.38364334042
3167,27250.597292880702
3168,24394.905147100388
3169,16460.21896873242
3170,49957.24482786996
3171,20697.72409981063
3172,19973.152178337634
3173,59212.08870966922
3174,23625.648462034274
3175,19259.459198924804
3176,84511.99280528989
3177,18777.054685730986
3178,19876.105639557976
3179,37227.1129128194
3180,25280.99844817226
3181,29209.627428314336
3182,24308.407056874075
3183,16194.33516213591
3184,20995.699963145264
3185,17078.021647203972
3186,18283.024480998603
3187,19752.659326863773
3188,27348.917253864136
3189,19624.792865859083
3190,18762.395311928107
3191,19717.441457868386
3192,23388.779924397204
3193,41236.911702536745
3194,22615.651232767585
3195,35038.75122240986
3196,18607.493659716525
3197,23008.310291349277
3198,19506.65148559101
3199,16288.581306115086
3200,23230.473779769676
3201,18401.955103385586
3202,17924.23605137283
3203,23838.07408824014
3204,29997.475853742806
3205,24195.44003502973
3206,20932.265285413017
3207,19695.394049036884
3208,20807.32510470038
3209,34072.46903815451
3210,19457.500110052843
3211,23232.62819686163
3212,37769.914824677355
3213,24387.933592647943
3214,20751.983976088068
3215,16299.037365160084
3216,24875.500816584194
3217,23730.721293636077
3218,30414.64268462437
3219,26730.67196897866
3220,20271.711833979476
3221,22812.92400510389
3222,21485.653506335508
3223,24873.999420837077
3224,18109.21039033756
3225,43625.40557420529
3226,20823.893543065526
3227,41408.076065090194
3228,24426.491184469378
3229,31071.24085219142
3230,44427.089838826665
3231,16880.053131645065
3232,20095.544786408303
3233,16724.87008071999
3234,21781.989085385474
3235,17518.110850117304
3236,23685.54188470631
3237,18826.474637123567
3238,23341.378475233632
3239,32311.936771514174
3240,38072.05155226252
3241,41191.49705598458
3242,16819.741838235645
3243,17528.657837217528
3244,21591.946084180596
3245,26190.654255616286
3246,23871.29593920061
3247,29092.73464487799
3248,20832.49166345482
3249,27933.372370144833
3250,17332.89627737261
3251,23710.854973827914
3252,19188.84987068848
3253,20206.220757881776
3254,16493.37921592396
3255,25238.638508633136
3256,26714.1069295351
3257,23167.19519497581
3258,18039.574600186832
3259,68483.25220133312
3260,24880.6307656306
3261,17460.970192321725
3262,23854.69894031833
3263,16454.525741777696
3264,38631.74777792301
3265,27064.428670546866
3266,24786.24373654518
3267,16624.762449577003
3268,18009.73637252412
3269,20260.56592518768
3270,16821.43615229241
3271,31287.57666943424
3272,22657.833967386345
3273,31685.03680122875
3274,28441.086580782303
3275,17030.520915554724
3276,17927.58768925577
3277,18736.8703545742
3278,23290.285730351618
3279,27828.17794554968
3280,16707.706022686063
3281,17702.378076390134
3282,38753.403901748505
3283,18304.16046117281
3284,20080.171636963092
3285,33459.20693911919
3286,42140.54348516694
3287,16959.505597063235
3288,17002.594745835177
3289,19834.59617673801
3290,17449.13459387659
3291,28065.45355586486
3292,39322.60038783455
3293,29596.25441787749
3294,17689.719393771822
3295,17048.636177528395
3296,32095.9847394107
3297,36915.99116237878
3298,29642.258817576945
3299,22979.86281268481
3300,20885.25990182252
3301,21198.88137493216
3302,17358.169524905312
3303,29434.63502235107
3304,25719.77617045057
3305,27672.716051220716
3306,25990.6634036708
3307,23865.823059185284
3308,28143.143409341654
3309,20887.352931202637
3310,17510.169866396896
3311,24096.12995824429
3312,17791.656803312744
3313,17043.39906531185
3314,17189.69949524303
3315,16361.273800285615
3316,26566.304785384338
3317,18882.68879894432
3318,27713.71484303531
3319,21692.41930933463
3320,21436.54199707009
3321,16763.329593587056
3322,24022.577162220743
3323,22011.574575880324
3324,23935.23534810284
3325,16959.723758638847
3326,16633.526298907193
3327,51843.83517686222
3328,16414.72346960235
3329,17313.811052924146
3330,28440.710375924056
3331,17431.001433702826
3332,16930.097309858058
3333,19257.050504192845
3334,16190.458458931686
3335,16097.131720252446
3336,17935.011127088586
3337,24875.02786699072
3338,56517.665714551535
3339,24002.746349710185
3340,16499.388532017463
3341,15892.344028978674
3342,26307.260891407597
3343,18878.68030759028
3344,26615.1043259467
3345,19188.46924619922
3346,15984.857253935752
3347,30266.320872931574
3348,21828.21945089065
3349,27298.515624174594
3350,23370.634597411503
3351,18186.93163906071
3352,16353.15997557476
3353,16662.037240259684
3354,18914.440107075774
3355,38126.99331460582
3356,16616.504355364053
3357,27302.65247319861
3358,25762.745948785137
3359,25735.604800846355
3360,25107.057546899996
3361,30387.519389257443
3362,24600.67039625899
3363,22364.33739900014
3364,23407.934586841922
3365,24319.92398972179
3366,17099.185443790473
3367,20852.218388917958
3368,19301.90533859198
3369,18463.824435799695
3370,22325.738753744365
3371,16741.69613746446
3372,29290.48748119711
3373,30072.16355282516
3374,38101.472731355854
3375,18675.577788888684
3376,23358.9324674039
3377,15975.9503545309
3378,16347.426696735243
3379,22454.135201118457
3380,22008.27177582656
3381,16157.070371750053
3382,19405.137380091113
3383,16629.448292439596
3384,15928.35305871245
3385,21955.1885973284
3386,20922.34852802223
3387,18897.756341298726
3388,17638.200392842882
3389,38160.97556285511
3390,22459.207348633492
3391,32802.32193268744
3392,23930.63852951204
3393,26919.124280126965
3394,19858.755173301222
3395,30134.60535552022
3396,16841.499355543998
3397,22548.0994613855
3398,16722.16082247812
3399,17407.36418762161
3400,23666.393784510954
3401,29345.42691991303
3402,18830.483087637658
3403,20611.70569894916
3404,24062.796817480015
3405,15899.602692245124
3406,45123.40300181307
3407,28641.666624744477
3408,20127.652432824136
3409,17981.399441995527
3410,26028.044248326292
3411,27815.51962363247
3412,17964.486300555935
3413,21322.969336496575
3414,18794.570760023238
3415,26587.63937002678
3416,24570.155113027304
3417,25467.163316880273
3418,19235.716723548605
3419,18785.943904023523
3420,18052.540826166336
3421,36227.88004080005
3422,25857.904424802815
3423,18525.66721484975
3424,16030.967631220901
3425,44960.03255350716
3426,17768.38207539657
3427,25653.776718114805
3428,22160.093332272485
3429,28789.45996951068
3430,18833.656307148318
3431,23791.6295026635
3432,16241.929017924836
3433,18687.72964589916
3434,23067.15401870822
3435,29430.636307028697
3436,22279.970080185893
3437,30171.65647515655
3438,34074.330609460754
3439,19029.878606674072
3440,17123.914567767937
3441,27881.99013171722
3442,16136.805358297188
3443,18211.985856980802
3444,33552.95326538384
3445,24225.171259285577
3446,25036.02523675642
3447,22573.29225970612
3448,38124.91523874708
3449,17497.213804951592
3450,42876.071965058494
3451,26445.68993614454
3452,27779.29748547808
3453,29523.64892393991
3454,19137.487819876194
3455,48538.44454896891
3456,31585.558585049315
3457,16669.72807517869
3458,35715.39742727192
3459,27395.842928423437
3460,18876.178046309495
3461,17424.46347261167
3462,24883.935604878858
3463,20116.900396374316
3464,22513.998366702846
3465,55562.26379736031
3466,27038.953002082784
3467,16552.86991707134
3468,25599.623928511453
3469,16784.206273830536
3470,17884.82471816895
3471,28320.997899521335
3472,17572.282700384556
3473,26381.032737392692
3474,19931.202017595893
3475,43776.43264286003
3476,17410.71923323819
3477,36833.755044746285
3478,19378.78523598611
3479,16744.506985337677
3480,27715.170637300813
3481,16438.11871677151
3482,32025.106740827112
3483,20227.862927541686
3484,17083.701342569766
3485,16013.428046312056
3486,22299.864635003927
3487,42034.7598715215
3488,24218.815804805396
3489,18551.35895835095
3490,16865.137574106717
3491,48666.766852664674
3492,30395.260876101853
3493,26035.84439581947
3494,38270.15703940533
3495,16687.589375951888
3496,29994.403830367897
3497,27000.100209093496
3498,21937.451600737953
3499,16419.240784167538
3500,19080.32303748091
3501,17042.52981765441
3502,16650.828658351795
3503,18034.09767270515
3504,17569.744087798594
3505,17516.450721371402
3506,16872.052026572503
3507,21033.337333946572
3508,18419.432906993537
3509,28324.725795704082
3510,17088.00652508564
3511,17975.630137883938
3512,17268.03641712317
3513,28827.21071954963
3514,48110.115573115196
3515,26901.33701741195
3516,19166.365028194476
3517,16080.577555377911
3518,21589.21720737233
3519,17564.24464210723
3520,15905.148208260447
3521,16343.305139238855
3522,31676.672219914904
3523,43889.94437792024
3524,23595.91478897403
3525,24664.74777781866
3526,27329.3917164581
3527,36154.0811289378
3528,25132.889806847783
3529,26515.08208714897
3530,22062.186299789028
3531,16650.27040603814
3532,18896.697061475745
3533,22633.895984433962
3534,19809.969507435584
3535,17853.46111060217
3536,16113.919161628886
3537,29863.36506985301
3538,23152.039082605617
3539,32543.2676325201
3540,17166.35566265404
3541,29003.17956712015
3542,18941.38007278389
3543,20947.068449648705
3544,15872.230610031318
3545,51811.523543831325
3546,39831.3348462392
3547,26448.14120500416
3548,18880.710441802275
3549,25608.040774341927
3550,16860.269077153836
3551,32048.139113483194
3552,16052.244858567037
3553,17585.005803613363
3554,36647.12106677795
3555,35722.50854260134
3556,50291.02261556161
3557,18033.27011481455
3558,19809.954715381562
3559,19790.904130456744
3560,22195.363971713752
3561,17970.268978805685
3562,36775.17018365089
3563,16885.409107578063
3564,27499.29471125234
3565,36702.29325813106
3566,19543.321691351906
3567,29775.884036872303
3568,17107.340948354205
3569,26108.653637411917
3570,16418.897343627974
3571,25924.131866631218
3572,19334.057624572393
3573,16472.11553911522
3574,16418.400380784333
3575,26982.590903792905
3576,19039.134672283344
3577,18464.084837602248
3578,23740.12774603987
3579,16531.156153113356
3580,24718.58813741259
3581,29179.701914085577
3582,17892.01136112187
3583,18644.23091422031
3584,31454.178442864584
3585,29432.34854517891
3586,18251.15422438922
3587,22395.82170966272
3588,17332.20785313358
3589,26336.034404071645
3590,24480.944439868286
3591,27096.665495946523
3592,23661.381082642314
3593,38925.239117892124
3594,34066.065961159635
3595,18867.41685166748
3596,20534.72436652159
3597,18369.565424570363
3598,27650.035341134695
3599,33619.09028921202
3600,16136.122848164214
3601,30032.8642844154
3602,17891.695560451903
3603,16654.25597852509
3604,27586.971475485985
3605,24741.579761042743
3606,18242.43837385284
3607,18882.24717913296
3608,38756.556712271995
3609,21393.599783080102
3610,31945.06437893942
3611,18472.11194724936
3612,20981.755212358577
3613,18192.351372339555
3614,16559.55663306578
3615,26481.926885015615
3616,22968.950584514372
3617,26375.026591558824
3618,16209.159605009861
3619,28118.50729921078
3620,86952.94939571379
3621,33409.919913982405
3622,76090.63929763032
3623,31716.41020188587
3624,17393.651976679746
3625,18124.481558002586
3626,26089.676796268588
3627,21078.08782631111
3628,18299.243527206436
3629,20024.02190412482
3630,21711.90719877405
3631,19552.357507034772
3632,19876.36518783802
3633,24810.706615168943
3634,29205.18756695944
3635,31007.282965570237
3636,28377.632763199075
3637,18845.382703997
3638,25834.557645312907
3639,24156.400904750637
3640,24381.693920192152
3641,29411.68943472524
3642,25579.392847345905
3643,17541.456724648917
3644,31137.476334059185
3645,18449.06712101881
3646,16356.502024125532
3647,17086.371232764697
3648,21328.91266700838
3649,17175.669390574953
3650,17346.98331044018
3651,26910.01606197924
3652,21103.56602252984
3653,34026.29218249107
3654,32991.09302923236
3655,16422.071266169398
3656,29007.048708767932
3657,17934.10129950301
3658,20989.783145075748
3659,19444.319835394355
3660,20594.115207606294
3661,27288.389206544558
3662,31761.41369425712
3663,16864.21532641808
3664,26106.727017740726
3665,33852.932045800335
3666,36288.65731694878
3667,44838.95723411719
3668,30944.921438518893
3669,28751.69144335913
3670,18810.014242004432
3671,17550.814768891658
3672,16454.613310518864
3673,25833.870397380615
3674,28644.068517660104
3675,16499.71329561548
3676,25671.81739890654
3677,27141.212780831345
3678,18103.755613941514
3679,22452.332056910018
3680,48598.11452622527
3681,16852.52569292147
3682,31207.85876054122
3683,21138.39998986391
3684,31219.90099209752
3685,17746.343775775276
3686,31569.673337758755
3687,23560.01640178228
3688,16117.41722193881
3689,18620.187149471076
3690,33831.5213812445
3691,21555.934039940115
3692,27933.067553400866
3693,28753.1416721531
3694,23946.709900265047
3695,18114.932069554867
3696,16333.986958418478
3697,21756.44885537984
3698,27638.58339634342
3699,17152.303661272996
3700,25642.64647149301
3701,19027.92420563309
3702,59749.264737678546
3703,17807.007108618232
3704,35795.43754461712
3705,30746.02464649776
3706,33285.67272833387
3707,17795.17861947318
3708,17530.18902008232
3709,17098.63300209056
3710,29736.004566186613
3711,24478.90071840306
3712,25460.79040565677
3713,18454.58455254446
3714,38024.6262231623
3715,22732.22524402324
3716,17377.731824452745
3717,26197.64270220515
3718,27960.557782064778
3719,31087.575196459366
3720,33551.363011138776
3721,25157.99537319507
3722,38031.21963909728
3723,19036.584295962242
3724,19949.113615392507
3725,26972.671165769807
3726,25584.350186910255
3727,18720.288419790846
3728,24399.23428436151
3729,21269.995350819445
3730,23958.983942506256
3731,26558.081513862468
3732,28405.97713922339
3733,19701.11813910179
3734,16095.325151261999
3735,25796.62528128001
3736,17397.606263221347
3737,26795.515348420286
3738,23755.155700142728
3739,16429.354855132395
3740,21724.309758117528
3741,24568.798879506725
3742,73717.03752811682
3743,35171.90855557799
3744,84664.73650378383
3745,31704.79936283888
3746,16450.779175976022
3747,17147.512965156075
3748,16700.283764769414
3749,17338.100421942298
3750,23552.81020011972
3751,26254.789799920356
3752,16995.433335336736
3753,23634.19345587483
3754,23805.33272174088
3755,18539.073572929785
3756,22266.56539956348
3757,17100.515957577063
3758,17526.857565181614
3759,23719.059908861924
3760,26103.34724343579
3761,25142.148595856383
3762,16055.546943522373
3763,30671.584823241938
3764,17464.92125819691
3765,18385.71446682467
3766,17502.77223016707
3767,24156.083640299097
3768,47279.577786042646
3769,36946.86539585193
3770,16768.601254228124
3771,17571.618863129996
3772,24574.82109626632
3773,45790.45470659327
3774,26782.603279606545
3775,32963.89280008833
3776,17888.94699116288
3777,26533.60142229914
3778,27466.09598824243
3779,16893.25189756682
3780,19094.215561190846
3781,43229.19273079108
3782,17040.89461070331
3783,16408.79292566656
3784,25744.554015581572
3785,27374.89694096198
3786,16241.134824991654
3787,16078.704131745311
3788,25537.890236552994
3789,17207.206702283493
3790,43972.747984419126
3791,16627.304878985986
3792,20813.42494598754
3793,19919.501776566627
3794,35209.258601802954
3795,17235.434482519642
3796,19843.048081125755
3797,25525.822824750132
3798,37713.62029706687
3799,17728.59667435654
3800,18197.714791350132
3801,20985.565978544513
3802,16010.815028577139
3803,23458.8285274558
3804,36568.611267261
3805,36887.702343774305
3806,27717.063662895034
3807,37520.55767804844
3808,24887.651283396783
3809,16661.016019624843
3810,29028.54582997799
3811,16639.282766528155
3812,23323.96908165025
3813,20460.857272141668
3814,31321.026902438647
3815,16584.058747112787
3816,16776.370397312687
3817,31751.133595177085
3818,16917.501991315254
3819,20232.85238820472
3820,43217.197368404566
3821,18132.258464297374
3822,16160.640486840415
3823,19770.9106620848
3824,16055.079859696893
3825,28294.634112481395
3826,17025.43501598909
3827,17658.280397027353
3828,27980.390689308722
3829,16570.13231917069
3830,35657.07003521541
3831,19711.58048508092
3832,35858.480606047786
3833,18080.37002958909
3834,34249.15106280873
3835,23962.04503277925
3836,18720.002323480938
3837,28273.908138612154
3838,30089.562056675975
3839,18598.946051312556
3840,18004.93446976722
3841,22176.851477565513
3842,35972.707019318215
3843,24875.557415384614
3844,31387.481883468077
3845,20152.186184032234
3846,16652.382701031944
3847,30911.589784478198
3848,25539.753104065607
3849,18795.30033992643
3850,21137.89012869363
3851,36850.2976425236
3852,18252.01432536111
3853,18998.548762261584
3854,41684.688725075204
3855,16093.623971162204
3856,16161.376269666187
3857,28739.99202831066
3858,18341.322704537655
3859,16433.220538206446
3860,22165.484093337847
3861,18873.72111067524
3862,18479.540889045285
3863,17592.609077827165
3864,37231.69125823422
3865,30405.62909033586
3866,28011.47661488447
3867,25240.567329071815
3868,37859.42480665908
3869,16167.953348203131
3870,17578.052152084136
3871,18375.18192278824
3872,27913.318972626603
3873,34612.31723944741
3874,17351.390532242407
3875,17008.754607449435
3876,20224.654845423283
3877,17192.41186928016
3878,29672.376028789637
3879,33539.81719528121
3880,22139.15032343002
3881,26101.19575639855
3882,30618.61078398242
3883,26543.07710839869
3884,18310.853365258812
3885,23589.377316842427
3886,16216.101692059608
3887,60360.16450004105
3888,17476.5144608771
3889,18034.832532294047
3890,23693.509603384744
3891,38915.37308483175
3892,22902.962134111986
3893,50363.037424973765
3894,37733.00339054677
3895,17259.609022272096
3896,16474.564392213004
3897,29312.824453703088
3898,15830.393326699475
3899,23506.122915122553
3900,18725.13873276051
3901,26031.826042612378
3902,19960.453572686998
3903,26890.602759937545
3904,22682.513136111862
3905,20724.06381800407
3906,32138.1872665725
3907,18291.21215078265
3908,26257.60336645827
3909,28398.95052506157
3910,17004.20610577566
3911,21180.52964500189
3912,18957.1465180948
3913,16433.494929635082
3914,20929.935879357727
3915,17728.458518325948
3916,45241.31910000855
3917,20333.313190306897
3918,17702.05244690114
3919,16798.916942509248
3920,17937.177278111663
3921,16829.88491066683
3922,17934.02377599109
3923,20270.763296242218
3924,28658.642803382114
3925,17464.39768279052
3926,29995.989757922718
3927,16049.70026337657
3928,50359.718221246454
3929,25640.81265466495
3930,25227.114550505445
3931,30168.299743076626
3932,16435.4231481253
3933,19545.751346613994
3934,22438.579437718967
3935,37738.135725014086
3936,16805.32440234245
3937,32742.8881699246
3938,17059.134512132678
3939,31020.120298271544
3940,30579.442902616953
3941,17639.367007631587
3942,20740.15780623043
3943,16625.940605682805
3944,19970.143230128808
3945,25287.046154889777
3946,39980.440637360676
3947,79835.26024482073
3948,16389.099960378342
3949,30272.55931128056
3950,18506.036379691148
3951,25597.877619867897
3952,40177.239124027954
3953,24559.9412141726
3954,30190.724796820083
3955,19656.761242124856
3956,26114.230480537593
3957,18376.72229838168
3958,34084.39719687271
3959,29395.83323321168
3960,28874.97838405806
3961,27862.829645342295
3962,17666.988310940276
3963,16805.198779085713
3964,16729.776017916036
3965,16074.551599018616
3966,27519.45506187889
3967,24588.21150208263
3968,28084.369236081395
3969,16601.561507969713
3970,19947.050933596933
3971,29309.77743773098
3972,16147.326462695542
3973,25462.0762348718
3974,21831.992063604346
3975,16434.180921019208
3976,17024.628499867125
3977,23559.066026494937
3978,23323.732866892537
3979,16557.38040829031
3980,18986.849618354136
3981,87991.79895527025
3982,16303.808346533573
3983,23596.726905425952
3984,17150.634760528603
3985,19298.005736910352
3986,18077.361022026253
3987,31166.85775706038
3988,32326.465236164484
3989,16014.904370020979
3990,24796.029621664962
3991,26679.722403791195
3992,23759.677016483525
3993,20376.179580942353
3994,19446.24826326421
3995,19975.633495959064
3996,22689.19878703905
3997,17097.045485462873
3998,24445.436737264037
3999,17494.654931741807
4000,20036.12230369302
4001,16649.726300880375
4002,42401.29039610835
4003,17280.365514435205
4004,25938.156753454543
4005,32766.56654854002
4006,15924.870844477426
4007,37734.17436207153
4008,22512.432709808014
4009,23821.10231793367
4010,20758.926510005862
4011,19549.43950606585
4012,28757.682744491198
4013,17277.1449191858
4014,23588.72443961806
4015,23704.514878420716
4016,23640.805500927072
4017,28187.34830515537
4018,17374.686351022112
4019,19649.954905751638
4020,18179.005886791976
4021,29342.66468354367
4022,36280.207014451924
4023,21294.75825688845
4024,17327.198125861265
4025,21083.461410807267
4026,26184.79001509136
4027,20873.13592712109
4028,17932.804693349462
4029,23094.252295163988
4030,24208.78696385692
4031,28780.38500332332
4032,25300.571758022503
4033,22963.534055394794
4034,24135.21634012807
4035,25372.353284003
4036,24866.348330067354
4037,30272.688914940507
4038,16885.371632762934
4039,16764.25871731609
4040,22291.42981327168
4041,16074.293136141066
4042,17324.450325994865
4043,26882.717508146903
4044,16838.511730518996
4045,27817.406834558198
4046,17209.521424174152
4047,19587.071804775787
4048,16679.425863041783
4049,16563.229896030625
4050,19255.4523856771
4051,22672.176427700437
4052,24867.903804179496
4053,27760.407825064518
4054,19534.553212773335
4055,19936.878724884664
4056,21468.775475789425
4057,37773.30927415412
4058,17926.052764441672
4059,34215.19580505407
4060,30902.986763136694
4061,25737.308774018784
4062,32495.80264763957
4063,23908.312055052847
4064,26020.20502976802
4065,16605.316465929223
4066,16227.202698103407
4067,16928.37336353934
4068,15987.325420167846
4069,24317.95259156159
4070,43720.41435292171
4071,16796.647861521607
4072,31354.452622359113
4073,33361.12315819871
4074,22611.643074932916
4075,32159.708332133694
4076,33733.63675623403
4077,26809.411277769
4078,20643.591609559557
4079,27577.8869006068
4080,17047.06980988799
4081,19559.499916976663
4082,18265.695941857553
4083,18741.286293684618
4084,23407.448857564792
4085,17387.79131618761
4086,16814.980084315357
4087,16684.88341846396
4088,24576.1042196333
4089,27937.975657390325
4090,24048.513970192478
4091,16506.748589262606
4092,16514.972018186738
4093,16285.277571808232
4094,20432.918392237294
4095,29316.736627861777
4096,54025.565330212004
4097,42523.93926238619
4098,35065.34502825617
4099,18293.546999084178
4100,18849.774605308972
4101,30371.66516639953
4102,25231.70957089227
4103,20780.352947542346
4104,20652.401135381548
4105,24879.30357382093
4106,21255.32534500851
4107,23803.164874524962
4108,17360.300463847107
4109,22814.7561058615
4110,24255.169289396184
4111,18176.536180693027
4112,16907.019582942532
4113,20485.11386897432
4114,26602.07947415822
4115,17680.784706125185
4116,16109.11500208877
4117,22496.450187373008
4118,17154.23637641649
4119,27103.3624248021
4120,16181.44508363562
4121,23295.46594449979
4122,31798.53547955386
4123,22744.804395071274
4124,30556.632984743974
4125,18774.514600846505
4126,36205.76086608072
4127,41732.284800606314
4128,18433.831390850966
4129,23978.066919294466
4130,19364.09939986684
4131,16413.773594539616
4132,16381.435747157408
4133,27303.423788369455
4134,25530.678979024826
4135,24483.609012105677
4136,18194.678367881337
4137,18636.81244153397
4138,18799.04097139375
4139,23731.24995644992
4140,23546.701319766435
4141,25920.2804672531
4142,88387.15260853388
4143,30042.783428154642
4144,31676.97808021982
4145,19252.76578286054
4146,22622.485537508965
4147,57983.03129791499
4148,30133.729855631045
4149,34819.3692235004
4150,21943.453471860408
4151,17315.308302952963
4152,25687.772714466355
4153,19944.912837486198
4154,23779.79723614742
4155,15874.431706604797
4156,18777.443798735363
4157,22559.632365674308
4158,27249.009070177002
4159,21240.832724371117
4160,24821.53849415119
4161,16172.335904386333
4162,68908.3972818307
4163,25667.991548663398
4164,27455.41290061103
4165,22116.485029575313
4166,18135.52483201015
4167,23065.328945067784
4168,24168.16120525971
4169,17164.107741694606
4170,16900.603061788195
4171,17514.51772886766
4172,23406.472722008963
4173,31422.702036817955
4174,18764.62977989025
4175,16196.980307417321
4176,18335.205326920466
4177,21029.013231904217
4178,27566.898797053545
4179,28183.400068004976
4180,26409.57936560696
4181,32183.850171517082
4182,29905.186859740574
4183,16065.967151714036
4184,29381.23842979477
4185,37451.257757102765
4186,26386.349329870893
4187,24054.41359231794
4188,21372.71080674919
4189,28846.68755546127
4190,25087.432352738942
4191,22950.06941073826
4192,20357.60030700718
4193,18493.596449158293
4194,17597.624035182893
4195,16601.255220702533
4196,16442.76454531937
4197,22429.040685706692
4198,20770.746337239154
4199,31360.649531382503
4200,22419.48695503083
4201,26254.753428833974
4202,30950.894942565355
4203,40103.68717558481
4204,18417.48542073148
4205,26944.72304424504
4206,26244.743821882243
4207,24201.008374800767
4208,32390.877168924835
4209,27479.504847422515
4210,25295.51737742484
4211,24696.06861165567
4212,16108.920671093985
4213,36363.57647417839
4214,19556.900402937634
4215,24790.968267030465
4216,24689.10597114843
4217,25272.47538434607
4218,16567.131136254844
4219,33778.20283382684
4220,18339.521973043105
4221,19082.560248483493
4222,18566.33134830798
4223,21321.98799237662
4224,18231.602953074635
4225,17832.83908375243
4226,16519.05786505295
4227,16685.079117360925
4228,16493.39951410226
4229,23508.9263147031
4230,20457.35956939637
4231,27832.557901061682
4232,26750.76718534889
4233,32858.43728523822
4234,22024.146740221546
4235,18011.04166302994
4236,28258.148534125066
4237,27874.18256471694
4238,24352.291194279565
4239,17497.636270337967
4240,27758.640475464807
4241,23779.55467313895
4242,27133.33606434128
4243,17402.97021905657
4244,29907.88567954461
4245,16688.599229992353
4246,16286.79426821333
4247,92410.58594975808
4248,24240.282426679918
4249,18788.92102381962
4250,16405.986414536936
4251,20149.135575655084
4252,18357.33532533509
4253,27034.382700495935
4254,20384.397924405195
4255,36449.586996624086
4256,24366.26189665043
4257,22417.626251660542
4258,30741.574179518757
4259,16730.44314909474
4260,25437.74486598953
4261,41617.93901742736
4262,20134.020063892567
4263,25298.763932556565
4264,24014.101756127395
4265,35070.78649393904
4266,30886.077083024775
4267,22446.667614689788
4268,16942.66284776219
4269,27011.665392158124
4270,19064.299395376624
4271,15882.064343642904
4272,56722.550041458424
4273,24428.709591312407
4274,27345.074801312137
4275,25343.13370531306
4276,23762.441024309024
4277,42473.29923819052
4278,16994.192975233927
4279,27151.27035894775
4280,17767.757491560656
4281,23403.39663324206
4282,36905.1063036735
4283,19430.930750032534
4284,23399.971577307893
4285,25266.327949686158
4286,55340.7789357353
4287,16862.39080122132
4288,17282.160102779548
4289,16738.31556805301
4290,17225.452206876642
4291,23494.869742313727
4292,25001.418230158433
4293,19387.72022197108
4294,28619.22700615383
4295,25493.213177244896
4296,28228.073651341118
4297,17356.715168410192
4298,23316.111871089393
4299,27330.4669810863
4300,25954.991728970126
4301,21497.225787841442
4302,21089.093509947874
4303,16201.610944693133
4304,17007.07841509835
4305,18788.005677390447
4306,17413.66925872461
4307,31666.02482043179
4308,35905.26302973382
4309,24907.087383550082
4310,29549.48428098004
4311,28960.3496088435
4312,16380.137852253225
4313,17220.597752660833
4314,29210.67459016042
4315,22406.86858439492
4316,16593.841839140932
4317,27587.64883865051
4318,16208.632526873527
4319,16258.462891703168
4320,20241.648000146226
4321,37483.9166255686
4322,27308.83619670609
4323,23274.42980262442
4324,20505.917413298284
4325,16359.698856084957
4326,20067.185527180856
4327,31784.30856665862
4328,19858.020463507768
4329,20322.451322272078
4330,43705.77563257313
4331,24523.03858718133
4332,30580.922094591933
4333,19917.518025416193
4334,16109.510630268413
4335,20800.710098505984
4336,53936.3737440753
4337,19869.899894897608
4338,16508.96688455113
4339,18725.141182939667
4340,19696.664943025902
4341,29183.03166406548
4342,26105.19766282972
4343,19175.00896386474
4344,19933.198733238274
4345,24653.38824055076
4346,23875.412286386156
4347,19085.718231308434
4348,26645.192705314465
4349,36232.05697611098
4350,31281.42226748851
4351,24053.470703148243
4352,27505.771064526514
4353,27790.07295323502
4354,29564.503066783738
4355,26155.789076102814
4356,16911.405747882254
4357,16546.83570338579
4358,16419.681676161446
4359,22929.423675793238
4360,18852.208187811742
4361,16494.448634570796
4362,26119.39043239467
4363,16642.613982046285
4364,20477.835300411054
4365,17937.553551654124
4366,26193.683345945716
4367,16294.013819131518
4368,20393.7139376797
4369,27309.851040047717
4370,34965.49185756635
4371,24449.180898981722
4372,25203.177796512584
4373,44099.80460707533
4374,18530.625547865628
4375,27796.315681336582
4376,18802.815461022576
4377,21245.436117833084
4378,32920.42933669062
4379,26290.654931609006
4380,17844.54814062682
4381,23404.040751022658
4382,19260.748855459875
4383,39800.6011172781
4384,17188.741201745495
4385,27024.425216913063
4386,24497.096108056117
4387,16735.025075183337
4388,21580.45483952609
4389,18345.512676072092
4390,21789.601785940205
4391,18856.98018592222
4392,21741.009621776633
4393,16503.42244388509
4394,24352.28397294353
4395,16731.20005054312
4396,24095.624671625472
4397,17249.685485786445
4398,26503.599260180286
4399,17015.644662778617
4400,19284.270235924927
4401,28884.70732850625
4402,28136.419754366838
4403,17729.168948464125
4404,17393.91308511906
4405,26888.447999789063
4406,24037.6431301785
4407,16337.60670643709
4408,28214.657331523693
4409,26407.660843871512
4410,17299.776797066424
4411,28383.525505760914
4412,18089.149510335916
4413,20609.780251739397
4414,29164.43640180994
4415,17240.151547597885
4416,37896.84158414997
4417,16191.630530984605
4418,35271.50955700774
4419,40281.95648827695
4420,21719.236548743964
4421,19049.48927879297
4422,74491.6246971399
4423,22486.287848423108
4424,36184.48349082997
4425,32704.12169180039
4426,37405.77747174927
4427,18251.979708823972
4428,17410.544075729114
4429,18450.905832042557
4430,19068.024531342424
4431,40571.49939056023
4432,26583.579668440718
4433,26490.424835703583
4434,22303.27678474611
4435,21352.92993331265
4436,19289.37171372515
4437,16404.44409387563
4438,17148.31895411781
4439,26250.120316799716
4440,26752.923396843296
4441,27313.97209199261
4442,28969.400389082384
4443,20945.875260902467
4444,25207.576578458153
4445,23976.76341239142
4446,17826.99637846668
4447,38906.46730355322
4448,28153.552806325282
4449,20045.039605925234
4450,27634.7318751312
4451,31015.518043598997
4452,16665.902913538514
4453,17972.796061148056
4454,27369.690116021724
4455,16245.931167658997
4456,16132.82993496662
4457,25677.917467468258
4458,16526.28498743696
4459,19003.90431839408
4460,25544.122548471732
4461,17279.294826001416
4462,26772.390037867463
4463,25152.526734862924
4464,28095.45001462453
4465,18409.31268561769
4466,28315.904337922835
4467,22355.976686382903
4468,17025.485581652483
4469,26169.73370710225
4470,27743.808754500344
4471,23815.02689429385
4472,18255.82954841423
4473,19724.52001021286
4474,28613.69492517432
4475,23980.277221189426
4476,30560.908983691155
4477,27775.693402818717
4478,16334.655838766152
4479,23308.470932965483
4480,18547.61301333295
4481,18509.29063367056
4482,17686.98118908472
4483,17332.635917375934
4484,23780.44962407611
4485,19116.307954742253
4486,26649.716377008437
4487,35166.08548858807
4488,22289.957159013677
4489,26388.82715704509
4490,18772.680648244415
4491,16365.467820230804
4492,17103.579742885577
4493,19110.38276672152
4494,30684.10604687713
4495,17041.110080998886
4496,31593.54273664995
4497,16485.061391639818
4498,18620.008166726842
4499,17871.756642191438
4500,19271.50479236709
4501,50245.07196593993
4502,17490.747194101554
4503,18385.4882457069
4504,35212.89629278111
4505,16978.52348752011
4506,23767.428001859862
4507,18337.494909548033
4508,17861.054974283114
4509,27791.953872529095
4510,24392.566926330514
4511,24328.61394757764
4512,29283.811348985208
4513,18569.23021987677
4514,17554.17287941902
4515,16955.285417327246
4516,24600.64825908856
4517,16517.63741761979
4518,46044.27319521137
4519,28967.924100747357
4520,31387.018809375393
4521,17703.13905103578
4522,17195.031476103602
4523,32010.37984684593
4524,16175.561378924855
4525,23246.109958772453
4526,21827.988290962214
4527,16840.963971607678
4528,17179.76585660234
4529,25544.683313277368
4530,16696.91513838385
4531,32943.07022359678
4532,19221.44537346259
4533,24489.526152195747
4534,21011.76621905634
4535,21901.293662252025
4536,32407.772586621362
4537,111258.94946628604
4538,18411.5173900471
4539,17009.39188255275
4540,18560.733678039454
4541,16785.04085079089
4542,36954.496758100315
4543,16831.527693608354
4544,15999.818004560242
4545,66606.63034788179
4546,16623.9154815804
4547,31982.02581005018
4548,22286.259698171005
4549,25235.269506344954
4550,24644.263640985857
4551,17139.317459749054
4552,27994.456281133476
4553,17680.557983993545
4554,16868.974194769526
4555,19196.490418722016
4556,19821.376617728292
4557,16458.259313176542
4558,34107.80551014206
4559,18343.618206840667
4560,23759.47703659091
4561,26001.92180832298
4562,34567.976395813195
4563,27210.89513739465
4564,27573.766727709924
4565,20443.18406668078
4566,22525.84032561522
4567,23691.482292695247
4568,24139.866441667353
4569,23573.75557851803
4570,16693.891057512596
4571,20031.149374899058
4572,19420.893601253152
4573,16922.137906750067
4574,24209.40748860039
4575,45533.60110334359
4576,19466.790244196683
4577,16665.456901652942
4578,22558.966281817833
4579,17109.232817503682
4580,20031.623711312317
4581,16237.022690734919
4582,26133.136854114888
4583,27698.982362107312
4584,18715.32281105375
4585,28092.764817225794
4586,18162.088320835104
4587,18516.818110107113
4588,26310.957606983153
4589,16721.266055342505
4590,16457.143749641196
4591,16619.032465773384
4592,17006.980688682917
4593,18422.261505659015
4594,16446.521004081165
4595,26078.129076481553
4596,18773.73920707607
4597,23984.076273263152
4598,20828.682633055636
4599,18688.865233693272
4600,19384.19802498002
4601,18433.202531794595
4602,28100.290085070566
4603,18505.835802034573
4604,23766.730522899543
4605,48572.67039768885
4606,47040.71835577187
4607,26805.65771956295
4608,17320.074870325247
4609,19321.954162811093
4610,16839.94340642963
4611,17826.16765509108
4612,16409.15963668561
4613,18894.256428943172
4614,27283.071587899158
4615,28718.057048519106
4616,17720.047778175194
4617,17246.748305863875
4618,18941.957680862906
4619,22864.636839205166
4620,23104.892943227373
4621,20867.045778820942
4622,29096.673427780854
4623,19796.37367076059
4624,23184.413471597905
4625,16778.374940067686
4626,18947.61376406842
4627,18352.787088097
4628,27258.641646825
4629,36729.69627257752
4630,23673.930759778596
4631,22981.882768104915
4632,16894.26773485373
4633,34519.37723348357
4634,28132.94909248649
4635,18185.53595895528
4636,17793.37663716392
4637,40616.86725038472
4638,20279.748349758083
4639,20195.3802169963
4640,33553.37240010014
4641,23157.573199774237
4642,82948.7109678975
4643,34640.61266449085
4644,16377.000508145617
4645,26751.35768071552
4646,19485.544834430268
4647,19766.134905275303
4648,37046.80546473504
4649,27773.587301651212
4650,17457.7301777783
4651,27445.3168063438
4652,37713.56884807983
4653,22543.511830860185
4654,24217.508178787888
4655,33036.935281838436
4656,16126.30733704124
4657,37317.181220665705
4658,28079.12379720617
4659,21463.679762340547
4660,19992.710395951333
4661,31315.459209850796
4662,17741.061080259835
4663,19172.289002565612
4664,17400.609593368055
4665,28695.347339678912
4666,21717.353040495087
4667,19983.97568650767
4668,17079.419047202642
4669,37440.63021894818
4670,19598.62813208174
4671,28395.86941656498
4672,28807.148902801495
4673,23094.307788308728
4674,26420.27190362438
4675,27002.56130325131
4676,21975.251370409347
4677,29461.23465878149
4678,24170.88898382777
4679,21435.94788331077
4680,16180.36464020872
4681,18564.77549826513
4682,31218.345053921163
4683,35130.98720185217
4684,16856.31705131097
4685,18628.73936013179
4686,21374.64393910661
4687,27476.75887042585
4688,24965.18813368416
4689,16728.747527282132
4690,17506.52422952964
4691,28021.5902428337
4692,35369.01532542429
4693,17363.93094660751
4694,18757.485385653134
4695,50180.483756590475
4696,21957.415634607896
4697,35551.65262759404
4698,17659.81088267555
4699,20460.993951224285
4700,17387.28469122789
4701,22267.16840588271
4702,28384.832293937972
4703,17768.37425809621
4704,27082.458150335366
4705,17399.764056418822
4706,39652.52226282912
4707,20680.85218615036
4708,32202.182866920866
4709,25720.067056345753
4710,26027.994401901513
4711,16362.68128586179
4712,16157.41136826906
4713,16072.488601654084
4714,22339.834495151063
4715,16360.981210240287
4716,17148.349955326765
4717,41938.214915424745
4718,43703.001684024945
4719,32600.292973853073
4720,18236.431293976922
4721,25715.49441931439
4722,33038.60327477429
4723,18319.818255311886
4724,28120.963501810475
4725,17713.446266588555
4726,36399.69090601984
4727,27780.78951359903
4728,17624.639784360807
4729,42711.51792460322
4730,20305.489258867925
4731,16950.231153723485
4732,18730.866779108037
4733,25736.450783243297
4734,17308.574846870506
4735,16711.06884634192
4736,19859.793677959613
4737,22773.22013055668
4738,19540.90270148781
4739,16961.62634718473
4740,111310.39373468178
4741,21491.874371326925
4742,24145.34815811509
4743,23284.00885793351
4744,26857.6567884545
4745,22930.47142169492
4746,17309.51354849938
4747,23825.108078355745
4748,28794.625781777686
4749,19885.545918516706
4750,18261.79815763738
4751,16264.504825002334
4752,33778.89202137166
4753,16570.56743181145
4754,19636.193043902713
4755,23508.3915831044
4756,16266.646380293965
4757,19486.27965059491
4758,18175.106822082536
4759,16203.110896286442
4760,16340.231830499446
4761,21960.388338791545
4762,17233.924441438405
4763,26391.222713805528
4764,21492.032829032603
4765,23837.018922508134
4766,23598.567661646626
4767,25718.986443380993
4768,18433.242276119887
4769,17044.15535944354
4770,16085.33810999475
4771,16765.270499716193
4772,24129.472494087095
4773,25883.415900056527
4774,16979.41340462466
4775,22340.50180680296
4776,19749.856501539078
4777,23840.72595145633
4778,24367.86083648058
4779,31523.520314331105
4780,28410.825003651044
4781,25337.968130085945
4782,25190.11941964278
4783,17422.96917996105
4784,22384.323656824687
4785,25743.249021878994
4786,23911.91693352347
4787,17339.04834087135
4788,17281.494533021367
4789,18654.41793744884
4790,17899.428638674184
4791,32168.918495777158
4792,17040.95410611837
4793,23042.373678290147
4794,19200.174414078327
4795,16317.93230655741
4796,18776.17743642217
4797,19719.70029654304
4798,17039.86918097131
4799,17867.451783986857
4800,17847.638870773077
4801,16759.09405592043
4802,27028.537996247964
4803,27664.370584177235
4804,31379.91801547819
4805,16374.704384075638
4806,23779.277043092552
4807,20726.81458101908
4808,19516.38407001819
4809,32823.84348890203
4810,16191.134913448806
4811,16387.628016042705
4812,17290.52930191955
4813,31797.501110310775
4814,42207.1668065744
4815,21564.71474124749
4816,24031.252322583998
4817,22293.208041640326
4818,26331.932456108763
4819,17522.326036896935
4820,16960.624504693664
4821,17421.695682696267
4822,26521.00237154567
4823,18985.39254999155
4824,18611.648882033114
4825,17896.14540445326
4826,17593.86956243452
4827,29117.11032928315
4828,40923.73188618073
4829,18872.946353022297
4830,17179.779752056675
4831,19899.99889848187
4832,19195.89831364761
4833,20581.527619251807
4834,36283.02879841537
4835,23099.43261353829
4836,20184.11871124558
4837,16324.662261537289
4838,17844.458118815466
4839,27736.998593504195
4840,29369.969622997207
4841,31337.947107049156
4842,28289.09491421486
4843,22531.057024240396
4844,17300.60559928871
4845,18244.8755860175
4846,35344.4084899914
4847,19720.64699617787
4848,17431.018102727154
4849,16311.379297286312
4850,31743.6271498695
4851,24046.853370166104
4852,21027.4774411304
4853,17227.118483942
4854,37309.76614769541
4855,19272.68329141011
4856,16829.181721466368
4857,16109.551395181863
4858,23461.659362386494
4859,18365.912832499627
4860,17252.284595192377
4861,36343.08524360288
4862,16224.83703897183
4863,21783.127011130568
4864,24941.305488122907
4865,27752.62118472367
4866,27368.55994147722
4867,39836.57631457907
4868,39154.413324442416
4869,17123.38076535987
4870,18786.80847163716
4871,22419.066601672934
4872,25808.08002222145
4873,16784.15160483347
4874,24420.30016059957
4875,39458.86893874708
4876,39042.90358699237
4877,25476.691526916085
4878,45100.934841178896
4879,33702.84349896663
4880,35479.38955726121
4881,33559.67353167289
4882,27897.441534745056
4883,38658.71378914705
4884,79848.66218394795
4885,16729.86999317392
4886,22672.785616796726
4887,26832.48197995518
4888,22865.431973102775
4889,19248.41956164097
4890,17487.696098364922
4891,36943.37710148316
4892,19705.19599851952
4893,18856.714076044766
4894,28230.840517382585
4895,18182.018830614765
4896,17043.643866017035
4897,23237.305708804986
4898,35427.266091519385
4899,16855.779576519297
4900,20622.386242313587
4901,20312.952197389375
4902,21706.778085482307
4903,19927.680969289955
4904,22983.368013470077
4905,30744.62995267499
4906,19512.776874709114
4907,17102.302380364035
4908,17169.823819189263
4909,16159.705614671366
4910,16238.638714265708
4911,24074.59066243906
4912,19115.204744243136
4913,18738.31924169583
4914,16789.838888183323
4915,34004.208092721834
4916,24839.863419796882
4917,23076.122058070858
4918,44351.35434294556
4919,38628.224775726005
4920,21309.834359908215
4921,17492.900201492586
4922,18501.504646991314
4923,21310.219213614306
4924,30906.850560548603
4925,20876.041553356015
4926,17132.520292782923
4927,32493.23978143956
4928,16435.22651364585
4929,22195.51323578972
4930,24542.814991182637
4931,23484.00671847073
4932,32651.007993591375
4933,20305.264183815638
4934,17415.83302699712
4935,24306.12688904284
4936,23827.203091194086
4937,17446.75397615471
4938,25840.01195446735
4939,28394.38661921942
4940,24439.548387387753
4941,16031.804268904436
4942,18529.316390304684
4943,40102.03152496477
4944,39114.21543893285
4945,17966.311951085907
4946,31867.767714024227
4947,18832.10766166811
4948,17847.323120572404
4949,30946.30027138251
4950,17840.041743189366
4951,25847.89528420104
4952,16980.55161537092
4953,17582.194474195054
4954,28694.63752406276
4955,18442.844235630277
4956,30081.61944252874
4957,16848.086385140105
4958,22513.63631196906
4959,17058.526429128568
4960,21551.195607870945
4961,29797.10651886792
4962,17372.973960512347
4963,17703.03433227676
4964,17508.637716501657
4965,41508.953651468895
4966,16803.184170269276
4967,19384.336128429968
4968,27895.105967103467
4969,25005.195889757688
4970,16288.657507600772
4971,15975.549678257352
4972,27763.08595369591
4973,34868.45941503844
4974,16849.931691044087
4975,18337.31574847854
4976,16065.426266801089
4977,35531.94970493262
4978,23776.68416341269
4979,17013.981181396066
4980,29774.31864594471
4981,20535.121112466717
4982,24484.780596888642
4983,38399.037873382564
4984,16905.329032032118
4985,23646.33509805737
4986,17277.396320591946
4987,26367.783247268315
4988,16527.682735771818
4989,20996.764046578704
4990,25520.264285109046
4991,28154.00294416143
4992,22757.336950535282
4993,36774.57742730895
4994,18075.2038746199
4995,29760.213537349984
4996,26600.234864206875
4997,46648.6008609859
4998,17786.458204595354
4999,22423.012000099396
5000,19549.430046991165
5001,19196.584328351033
5002,27352.95197918649
5003,27671.74750286615
5004,38690.79232943019
5005,25223.48802924459
5006,18693.167403795796
5007,25642.399167468153
5008,25648.756547571706
5009,26383.272680829134
5010,19915.21832956397
5011,16197.782804197448
5012,19966.024316839437
5013,16965.124125329814
5014,30566.554522990475
5015,17617.14739838714
5016,22809.401759067256
5017,17889.51555443277
5018,26413.874371346483
5019,21472.753841816444
5020,25269.701517937232
5021,22572.32908660926
5022,19428.669229436025
5023,24260.944083857255
5024,28891.03520160197
5025,16657.8903329472
5026,42846.92847898211
5027,18061.66907573785
5028,18577.074730407836
5029,28202.19816301745
5030,16724.018976120737
5031,29961.468188042883
5032,22832.718380496804
5033,21744.449719734683
5034,19213.582935521972
5035,16575.76809218276
5036,17657.458149930786
5037,33715.27936538073
5038,27745.705191809237
5039,21949.301383525708
5040,16757.716122400132
5041,19914.30273121433
5042,20205.341365005625
5043,27877.111941171286
5044,25315.302799427984
5045,19297.907606685247
5046,26245.664577151285
5047,17423.68199644928
5048,18725.812005985594
5049,23697.77078232386
5050,16662.11890276163
5051,17836.918857920435
5052,19224.42466687842
5053,24315.07288846594
5054,18275.924111226897
5055,17118.143296830567
5056,16547.05489114553
5057,16250.64470150489
5058,22824.827301834306
5059,17594.983280415257
5060,17021.24229063206
5061,17236.19391972191
5062,22556.684560441678
5063,70037.84852230716
5064,17482.739510576226
5065,40017.5443103922
5066,18345.56213985867
5067,22268.05174448382
5068,28481.436038886564
5069,17640.039499949267
5070,30796.595485468635
5071,25719.16501455633
5072,56714.20621410081
5073,30899.085060820482
5074,29539.626434735223
5075,50941.49336624915
5076,32303.274250121525
5077,23677.320182345775
5078,16896.078293428796
5079,36199.509742886556
5080,28179.661731716726
5081,24939.17857879062
5082,18075.98246940141
5083,27829.24366011891
5084,24241.85026081413
5085,18779.258064634236
5086,23825.24191327235
5087,28290.408539007058
5088,28360.637910011337
5089,20084.521659329173
5090,30698.44799807904
5091,48868.02159090202
5092,23981.57647078264
5093,33374.99451372224
5094,25126.571640802777
5095,16359.158899736482
5096,16378.949338092738
5097,25570.08017421076
5098,17519.40964893072
5099,20245.523414978557
5100,27535.64422590378
5101,19884.2126579378
5102,19160.92739504688
5103,23023.37900512665
5104,18361.17158719349
5105,18416.142610463026
5106,23559.38771235167
5107,32601.66678399044
5108,30813.61573977768
5109,17539.433818082678
5110,33463.818807744596
5111,21382.32991755386
5112,26857.823017318104
5113,19104.330658827785
5114,17370.389429984556
5115,29839.740866620923
5116,16841.550626043485
5117,23069.27791066763
5118,21137.398592719717
5119,19673.65424866123
5120,17867.081589620684
5121,25014.329048327945
5122,41115.68063703619
5123,27168.1945739988
5124,23369.732570590764
5125,37455.26199466435
5126,23906.779638597505
5127,40851.902923279486
5128,23491.12730823866
5129,38390.9892500174
5130,31910.36685995845
5131,21964.73429513014
5132,21360.592461075783
5133,27098.853319155656
5134,26801.31314438773
5135,25205.44056246156
5136,25722.41004771283
5137,19430.162419205473
5138,18295.189013806215
5139,28294.550031395785
5140,17451.65824382502
5141,29932.129687295215
5142,16714.388126408747
5143,23828.936564947137
5144,18744.63112372918
5145,31377.623914947966
5146,17836.699193237684
5147,28358.774988251833
5148,16762.453208551677
5149,24127.314819921103
5150,27838.532718401228
5151,36133.93334193602
5152,25001.878690945337
5153,18784.76020796751
5154,36459.34412845045
5155,41652.87123484544
5156,23155.770322094188
5157,21345.647461184068
5158,29068.132454501967
5159,37538.922453940366
5160,23370.408994968166
5161,24872.000301710574
5162,16656.91730991837
5163,25944.486023337384
5164,27787.673497144446
5165,20074.154644500268
5166,29943.16708885796
5167,15961.774545327811
5168,16261.30341343883
5169,19215.918429479174
5170,31109.55621695827
5171,16611.43370407785
5172,25996.266040279108
5173,16881.637182596558
5174,19324.000176430225
5175,85317.59283804336
5176,36234.68963447452
5177,16297.055380379232
5178,18145.710274079836
5179,25169.584767978955
5180,25002.307858839868
5181,17157.873312072545
5182,18006.894989038297
5183,16629.36693381816
5184,20372.153053319307
5185,24963.56199053761
5186,20469.291351961154
5187,18138.038796605415
5188,17818.962205491418
5189,16764.17605480902
5190,17466.2486133511
5191,19817.768325682184
5192,16819.420590118058
5193,16812.696591874934
5194,23325.38547522739
5195,28263.164567729396
5196,17202.754735065093
5197,34250.68405942415
5198,19540.68199894847
5199,16655.209371281755
5200,15865.453869343455
5201,21610.66561001814
5202,16150.227109389782
5203,22429.679227949317
5204,34018.965498463716
5205,16035.382942506722
5206,17866.679515894513
5207,30725.929807144847
5208,23321.77619113938
5209,26410.450102444218
5210,26230.27716921274
5211,16639.52835202024
5212,24866.462276226193
5213,26868.041948871894
5214,25648.507374314144
5215,24622.76814176105
5216,29110.822852562305
5217,16077.898529656899
5218,20349.49933163763
5219,29753.178956013
5220,26416.346188733667
5221,17115.17935119169
5222,25013.50481550997
5223,30239.61406492969
5224,18758.89361467394
5225,33161.65487640444
5226,16684.142477475572
5227,20519.402056461422
5228,17911.983754856232
5229,20751.994101906912
5230,16428.36045188691
5231,16525.58240990642
5232,18055.5222323619
5233,17105.14878229895
5234,22555.277289730868
5235,25705.570425920072
5236,25508.468290222187
5237,17971.100669333904
5238,23627.90784665213
5239,35688.1419607268
5240,16271.721519636725
5241,21169.19561497885
5242,38013.70219055134
5243,43846.69128670667
5244,29210.8057047996
5245,21728.02067160954
5246,25707.958790428067
5247,16747.60762766213
5248,16027.14264724694
5249,23229.57814878803
5250,17909.206176266853
5251,21946.206807581475
5252,19940.758505603644
5253,47187.323796030774
5254,19558.593088571386
5255,23258.34358029458
5256,26685.1119704719
5257,17128.220890480905
5258,23236.02502319155
5259,34152.622998173
5260,16355.876582792205
5261,35689.21051325642
5262,28180.53977304242
5263,17619.55429618776
5264,22326.071531166242
5265,18533.03544288686
5266,19280.911523614366
5267,19302.573077966434
5268,24692.62923367603
5269,25210.52525698129
5270,37422.95746706858
5271,17542.15385137285
5272,28035.464698132917
5273,37868.739001039605
5274,27152.224466165284
5275,19254.036008200248
5276,22936.30247437869
5277,27346.58710080701
5278,19787.259973249773
5279,29025.700842968472
5280,48767.83824246166
5281,17785.313743466948
5282,22460.744070689725
5283,17294.439091215067
5284,24304.65613736757
5285,23108.897317978863
5286,17600.968615358666
5287,18015.6384824284
5288,37723.55245826658
5289,16696.3813962249
5290,20559.369761467184
5291,18339.68326434115
5292,19974.431196104142
5293,37756.683248535424
5294,17302.392110232897
5295,80084.7025675719
5296,17472.817682684283
5297,30810.713862778357
5298,23929.22865701367
5299,16813.921838172097
5300,20350.436157262717
5301,72029.46931059277
5302,17434.476897502962
5303,20293.107351217066
5304,25311.299968077885
5305,31358.03716847134
5306,18210.78655890448
5307,17446.862694554133
5308,18979.222675221885
5309,26796.006769265106
5310,31275.242107624403
5311,17530.337809386667
5312,21566.085937682692
5313,18951.976334476974
5314,29807.022149182125
5315,22298.32218722843
5316,27026.796205229886
5317,38277.11214441579
5318,22860.63620362414
5319,18166.032308018126
5320,40785.14296036358
5321,21504.390995514426
5322,17220.790930415176
5323,21144.021693238363
5324,26434.453821517924
5325,18914.264054309973
5326,34047.95822502278
5327,23588.69884518258
5328,18030.15665353101
5329,23475.32632599447
5330,18869.695306546564
5331,23470.99629180958
5332,16546.666457614992
5333,34468.77285956545
5334,94705.24787440799
5335,51981.96216292029
5336,20488.389999824416
5337,18412.521123224687
5338,23191.92315453002
5339,16759.688593557163
5340,16961.240461423175
5341,20500.60643574476
5342,21795.8887140887
5343,28226.97954588339
5344,73367.61227360879
5345,25060.554914493594
5346,17199.384706076322
5347,18860.971116799592
5348,22458.747026219487
5349,24221.257776071583
5350,17332.358411382247
5351,22092.64173891568
5352,24214.620853432712
5353,16785.145638857124
5354,17234.473758552038
5355,16485.865637178646
5356,26562.397004158873
5357,35702.77528451072
5358,33302.94922120083
5359,21592.46744745569
5360,23249.600856445504
5361,25328.768685640443
5362,16955.737280008558
5363,23092.693359094606
5364,23776.93756315131
5365,24418.50635822701
5366,28001.077096611236
5367,15970.839007909206
5368,33803.321623892174
5369,17715.516599302744
5370,23393.209875061937
5371,40376.753147754804
5372,34608.681631926505
5373,17105.051720669093
5374,18819.243657023035
5375,51799.27212068206
5376,18935.337562000343
5377,24756.076189745272
5378,35757.570656557626
5379,18811.464496476277
5380,33697.449204913035
5381,50097.058846724074
5382,16866.640919416244
5383,17906.635270902327
5384,25950.057289763132
5385,27829.44990294638
5386,48591.14107275265
5387,91340.68160464182
5388,40047.15269544773
5389,20540.595972814357
5390,24562.658066829234
5391,16157.268310341442
5392,18906.84385294529
5393,16384.60186441746
5394,17749.51034490816
5395,26106.334075274244
5396,17825.174188795347
5397,27393.721851669292
5398,25077.747780024394
5399,25198.18085861597
5400,17528.47217513777
5401,25662.937218813186
5402,29460.742208583073
5403,19333.245885054268
5404,21887.593976106175
5405,21183.788207686866
5406,24602.870570886
5407,79113.93043813249
5408,21231.00792532235
5409,34207.7012025102
5410,16423.23383950128
5411,25131.09155829603
5412,18089.905690234056
5413,23779.843273819963
5414,20729.7378740453
5415,21148.307909968447
5416,26761.37966465961
5417,18173.325720229743
5418,17669.4869302578
5419,18713.446620610364
5420,26298.803558823434
5421,30878.324124711537
5422,24709.954559115016
5423,17473.265978419222
5424,18885.79313548379
5425,22512.75854342716
5426,17291.20241903047
5427,16279.57842086947
5428,25802.241020397945
5429,24123.733484209795
5430,35199.48183905966
5431,20013.92858078577
5432,28362.287328163893
5433,29206.359596540547
5434,22639.470447244286
5435,20813.046567371817
5436,20517.578535827306
5437,17478.601637588403
5438,24389.811297695833
5439,15902.556117078371
5440,18593.915266663378
5441,40578.11709653564
5442,26001.927178674952
5443,17729.67003473941
5444,18426.930399913734
5445,31052.684433706516
5446,20347.19073377833
5447,38127.005816374076
5448,16364.310786246173
5449,31838.411223171253
5450,17866.12761655333
5451,25505.74145986596
5452,35476.560563973515
5453,26918.126198872862
5454,22709.47756217714
5455,24767.682056544883
5456,23816.491286272092
5457,17871.375804474243
5458,19551.89615289645
5459,20329.424164795328
5460,23347.292874325987
5461,19598.8844526112
5462,23387.67359508866
5463,32276.24226306229
5464,26366.847592139835
5465,24998.07657434212
5466,36685.727515385355
5467,27570.33750637372
5468,16963.45046932526
5469,19230.424518942345
5470,26057.746377450698
5471,20334.617789227585
5472,25726.004543589534
5473,28039.267644086627
5474,27047.196500784063
5475,24857.024886290656
5476,28055.05748761696
5477,18528.418564669068
5478,28411.101848324368
5479,17932.90468712527
5480,26219.558006114657
5481,33541.84671510274
5482,27940.937928348598
5483,22181.237842706607
5484,17236.046788294138
5485,19360.777844016546
5486,40832.65374061375
5487,16579.201690376314
5488,16912.707552065953
5489,22616.01977176249
5490,19487.85015479637
5491,22331.002201390955
5492,20391.79044897206
5493,16906.429747499813
5494,30163.189679232673
5495,25999.552459966282
5496,60782.00709499346
5497,19680.236411570797
5498,25141.726414213626
5499,17478.183112927763
5500,34078.447966408625
5501,17718.260814853114
5502,16307.731750261257
5503,31860.378986685304
5504,33340.87203346667
5505,39599.62383123333
5506,29387.43434346522
5507,17631.064368649633
5508,21178.323033409815
5509,17392.12375600342
5510,41877.240871424714
5511,18377.055171915898
5512,19851.00004832037
5513,16237.666025845394
5514,34941.13829183695
5515,30179.7968205689
5516,33179.27896133627
5517,22042.097020011875
5518,38138.37788937519
5519,27892.065851974243
5520,35719.092737201296
5521,15911.502249683306
5522,22188.29494668281
5523,27805.470261209222
5524,28401.74101893645
5525,46387.875406707826
5526,28883.14268253332
5527,45627.215303425415
5528,17675.33622585932
5529,23647.48188440789
5530,16699.74822681842
5531,16718.359978121363
5532,38281.31769050335
5533,18460.871846385955
5534,35335.327641403506
5535,17499.869079948676
5536,18308.075229614107
5537,31557.21440390794
5538,26316.5215932686
5539,28256.39078106617
5540,31700.169618623797
5541,19382.744612162434
5542,17217.82404388049
5543,26114.517971958096
5544,25620.171743251183
5545,16632.830783746016
5546,23361.94505668127
5547,20304.352440130348
5548,17359.6632295505
5549,19103.53049023666
5550,39117.393039225455
5551,17362.609871623798
5552,28584.430809279034
5553,30053.23941460895
5554,23000.19162760452
5555,23660.919490111242
5556,18828.46173848991
5557,35377.42870050379
5558,19144.768652260027
5559,16004.348792885141
5560,29492.714370063404
5561,27839.899861546462
5562,25704.135106815836
5563,27283.00073446513
5564,31116.739647940693
5565,21682.377506679783
5566,16070.259469683784
5567,31633.99061210381
5568,39287.4860804941
5569,23983.26568286033
5570,27580.441918644316
5571,29351.878826121985
5572,17950.09500136059
5573,20901.763040952428
5574,23527.160818677145
5575,18422.100016013803
5576,20300.430641005925
5577,34812.89225489544
5578,17815.09952373298
5579,25332.887531014552
5580,17349.109544853378
5581,19324.05843140836
5582,31549.01186137647
5583,43014.35434466024
5584,28692.382502866458
5585,26071.216945916647
5586,31258.249357452874
5587,21908.248441521435
5588,25094.34811338988
5589,26218.693492485665
5590,23482.15049204088
5591,42411.81717391327
5592,16216.09109197891
5593,30539.247717699905
5594,35509.17844679201
5595,29330.474357818326
5596,40059.24272463127
5597,28364.980114286922
5598,17989.62291853388
5599,19411.074561359113
5600,31256.203966738518
5601,18992.500294598947
5602,24961.57310756711
5603,19453.333674189773
5604,23806.764957117764
5605,30424.889669885266
5606,34624.54446264918
5607,19362.01014559117
5608,17403.589271566303
5609,16443.142775234817
5610,17796.363324611328
5611,20084.111149996148
5612,19455.36387206942
5613,18925.73114047786
5614,17069.61811467592
5615,18815.710696037895
5616,15794.82862318162
5617,24520.990399636725
5618,24210.165597380637
5619,17597.26081830836
5620,26346.521126925178
5621,18828.12075679772
5622,31795.816118827785
5623,41634.07758779336
5624,24786.407553105644
5625,20913.70314643184
5626,18680.569495830357
5627,16849.6863296731
5628,32035.360139432378
5629,34386.6087804531
5630,23261.197839455446
5631,24923.0176869045
5632,28990.58753872614
5633,25606.43406762332
5634,22734.822809813275
5635,21740.76870935387
5636,18065.932158808024
5637,18779.61871059212
5638,24942.336370977173
5639,23500.407141092706
5640,24419.73780790349
5641,25190.59673770265
5642,18785.246657742427
5643,23094.218631161904
5644,20613.92545580316
5645,28112.48632422307
5646,18250.848276726098
5647,17485.424919031597
5648,41432.29495217794
5649,16578.786220162823
5650,42528.48254715756
5651,25365.96861114216
5652,18308.299416467442
5653,16886.328543501553
5654,16470.032515702085
5655,28048.711680782963
5656,17266.1511572621
5657,19376.64872683366
5658,16792.7315379675
5659,26748.15368582348
5660,25264.730669438537
5661,37682.28018302527
5662,21038.76055267633
5663,23408.654494857794
5664,16332.42737693118
5665,16523.444809898425
5666,23151.959659638884
5667,22216.310564505424
5668,31246.257820030325
5669,22960.295652382014
5670,27347.812544971668
5671,45139.94500086611
5672,19974.616123134583
5673,28983.076973373943
5674,20990.5387308703
5675,20988.250821801015
5676,17563.45359342896
5677,23412.99098014751
5678,28327.16296099704
5679,22459.950227918645
5680,27167.264373636124
5681,19733.62560973398
5682,40341.787387551216
5683,16427.689207633666
5684,27402.701050890853
5685,24140.629952600182
5686,17560.79952648356
5687,22335.82133217948
5688,18364.757300454065
5689,27699.90655143511
5690,17469.00112225078
5691,21114.557220195788
5692,18810.070348418558
5693,71992.25951743449
5694,21308.927908316546
5695,18224.793715445794
5696,23121.400684319313
5697,25910.669616640742
5698,16781.253489533698
5699,34790.071046922414
5700,18204.14017022175
5701,20172.67927628955
5702,28693.134871567327
5703,18051.85727358845
5704,19101.12637562343
5705,26520.123875574733
5706,36797.22739908975
5707,17136.956384921497
5708,23654.02228457707
5709,26295.417488363317
5710,24132.48680468775
5711,18824.650759546406
5712,17586.663431916604
5713,21439.680038856477
5714,32272.244089640666
5715,25235.353264966896
5716,35181.68988843766
5717,15811.868085806243
5718,25460.102815822025
5719,18810.25729956281
5720,17667.339953576582
5721,28304.561013720067
5722,18660.84386292458
5723,23626.59253267436
5724,17041.295111142856
5725,23380.083377706604
5726,26385.285011764772
5727,17146.90885148774
5728,31881.42379079083
5729,33814.0463905747
5730,25773.368981749474
5731,33994.383253021704
5732,28012.226515975377
5733,41507.286074339965
5734,19461.100377627765
5735,27126.843388147434
5736,36459.8377095404
5737,26313.079480784956
5738,35187.957308165336
5739,40480.921579293325
5740,18542.32430364239
5741,25857.4234981008
5742,43039.445529334116
5743,27800.274848487265
5744,17019.934759899148
5745,24934.022315642393
5746,23003.755853040082
5747,17474.12150061866
5748,23988.878571059897
5749,16499.343818806694
5750,24081.24652009088
5751,20882.57197949613
5752,17118.64134315398
5753,24655.514232999343
5754,19541.206429258553
5755,23601.58851467233
5756,31146.358849594515
5757,31782.453075020177
5758,23403.514309645394
5759,23704.207658582156
5760,17425.62565855111
5761,24340.770127536125
5762,22579.9680437669
5763,21299.771283196602
5764,19461.527441237096
5765,19039.71609127603
5766,32735.60060400421
5767,27592.07873798726
5768,25437.0566110378
5769,18259.36873414861
5770,29814.610434179474
5771,24155.663883905214
5772,26603.54085464227
5773,16859.93249185747
5774,17346.737115835163
5775,17296.04558032395
5776,23311.83307381466
5777,23126.274406145643
5778,17827.417546503206
5779,44147.52211908778
5780,23018.7592576133
5781,17798.769726841696
5782,22961.721404648055
5783,17894.187659405205
5784,19217.137001598854
5785,17313.020611348482
5786,20749.185725153893
5787,23325.011315471012
5788,26327.778398809423
5789,17117.094957889203
5790,26226.924562635773
5791,17708.887903039904
5792,17125.836814841932
5793,20781.02881656109
5794,17883.404818364583
5795,17824.25940389189
5796,52648.7009356386
5797,25359.527094928246
5798,19054.310860022295
5799,30930.523498343046
5800,26942.58713115464
5801,19887.30937787389
5802,23244.365274828535
5803,34368.96790816364
5804,24389.26217328392
5805,45397.4546812538
5806,16002.948545887491
5807,36148.89070728849
5808,20038.802827442352
5809,32194.70720023844
5810,24592.827052543507
5811,17598.272281452853
5812,24644.877478750535
5813,16387.236022278215
5814,20155.85843604517
5815,18211.238435190542
5816,24445.91170261112
5817,23826.994131350148
5818,20511.778055648876
5819,16063.499879403198
5820,28415.720464657952
5821,34748.232154483834
5822,16430.324728756124
5823,43949.15558693238
5824,20887.56182343093
5825,32230.72448245672
5826,16813.911895292986
5827,17102.89765149189
5828,17774.331350507775
5829,18010.79130670416
5830,23943.38929884596
5831,18591.702190302673
5832,16438.81602076747
5833,17229.587690456956
5834,17390.801835863167
5835,27142.269457457147
5836,28599.049830996002
5837,19434.898488258714
5838,27669.127523082672
5839,42852.47626317726
5840,27384.190848277587
5841,16226.154347010355
5842,23618.913345369616
5843,26108.982601149313
5844,19609.6787485234
5845,38227.86848333129
5846,30233.470903806487
5847,22872.93535598399
5848,31636.76504975659
5849,66124.09579441955
5850,25307.912251634854
5851,37626.941248234536
5852,17855.39435636211
5853,54386.20455174991
5854,27819.677925560332
5855,29498.679399035987
5856,19161.882348768035
5857,20483.988667816142
5858,23702.969294800856
5859,17684.699273579114
5860,17150.92275837087
5861,18169.392873857225
5862,26408.21116938132
5863,16887.290264172636
5864,16973.487671893505
5865,35609.90571377467
5866,23641.676644150193
5867,29715.18991013205
5868,24385.90482678632
5869,17397.442784961444
5870,17702.84820906684
5871,21571.38977934248
5872,15706.63466747839
5873,18230.800862055446
5874,17313.237874126105
5875,37686.69431051149
5876,16627.457029077745
5877,23734.989968439404
5878,23490.68336972041
5879,20616.131981531376
5880,19128.67003877893
5881,17831.47309934895
5882,25809.222376970883
5883,23558.725547321425
5884,17973.341532334747
5885,19228.266882741023
5886,33820.011704029865
5887,16538.19991504406
5888,21609.5766300569
5889,16998.656622079354
5890,18868.617980106334
5891,23744.90911214359
5892,31065.396620058767
5893,18925.365362482018
5894,19475.343593848687
5895,17527.704849141122
5896,17752.385573211395
5897,16853.39766874963
5898,30574.294550428724
5899,16619.26534837465
5900,28216.551858695322
5901,17745.791310172703
5902,18244.597465757768
5903,46765.66177959849
5904,31022.093562882223
5905,32891.80994880936
5906,23517.331016801185
5907,17324.29929809187
5908,17204.270296051836
5909,20309.29807337981
5910,27805.74447764394
5911,32147.79529979609
5912,19344.894358701014
5913,27491.838812138853
5914,17183.67749593462
5915,18107.17665507373
5916,30155.84125652464
5917,33690.89745422342
5918,17410.839952513215
5919,26717.41547575768
5920,22987.87689190782
5921,18816.74566920223
5922,38610.76600585198
5923,34451.40464101265
5924,31104.789980041434
5925,27718.483827251
5926,18809.72916756312
5927,19234.195856015675
5928,26442.061438523404
5929,35585.42502536722
5930,24519.916058410574
5931,19685.944086973606
5932,24826.653204711092
5933,16745.34862992161
5934,21553.744152827767
5935,30945.77700746006
5936,19154.27074819721
5937,22026.505146868363
5938,24842.072546548283
5939,23880.232978797903
5940,44562.6898779381
5941,36105.12067983854
5942,19491.629507327056
5943,17568.933773862154
5944,27008.196776892975
5945,24448.220795744925
5946,23883.920605344934
5947,17270.514470853308
5948,24348.28918043737
5949,23876.39918790094
5950,27188.704793757435
5951,31468.208753420247
5952,19677.61859807781
5953,33117.179031155465
5954,29233.77666283532
5955,16280.066872432253
5956,19237.48650072394
5957,25640.712326621935
5958,19600.438119484475
5959,27054.154964362875
5960,22540.059878576143
5961,18761.220028785923
5962,19359.47416461113
5963,23550.653745723987
5964,16097.178658614992
5965,28236.076934991008
5966,16486.11230609228
5967,30413.179357566947
5968,28397.423541154938
5969,53870.47548565196
5970,27639.077769154545
5971,18008.60712985854
5972,18147.0418347271
5973,24605.1325821389
5974,16641.128237768575
5975,17785.833791597
5976,25741.665367640242
5977,22396.51088632502
5978,27686.529189546625
5979,25701.587687606792
5980,31089.747591891337
5981,18344.756441572656
5982,43269.16031487218
5983,36704.37914924332
5984,23031.66484052988
5985,23733.910546882136
5986,16852.110308142728
5987,22844.52769619172
5988,68606.25458570084
5989,27973.3715625003
5990,25417.0113519548
5991,35000.30219415556
5992,17758.613003322513
5993,17935.40059898899
5994,16368.916255749504
5995,27327.122658549237
5996,18156.028091685424
5997,23940.540758209787
5998,18658.965685397496
5999,17785.21666639165
6000,29301.620542124616
6001,28166.897339921572
6002,27478.234284052764
6003,22511.20066201875
6004,23912.829234198536
6005,34207.32012481429
6006,18311.992863840762
6007,17973.34045011042
6008,38600.43320716858
6009,17367.438697138194
6010,24509.609411568228
6011,17600.194297383136
6012,20145.415257946814
6013,18508.818572342516
6014,20998.790064288634
6015,16459.2965654019
6016,24478.546179232722
6017,16949.89228376921
6018,37667.07708084502
6019,16191.759229768006
6020,30993.296789560954
6021,35271.06475619726
6022,17763.362770376803
6023,16760.612674763954
6024,17164.24698160186
6025,35107.44607568666
6026,16282.37880349696
6027,23996.741662190565
6028,19560.87351234292
6029,18977.43667361711
6030,16662.715467762722
6031,18822.33204901293
6032,24040.246674290094
6033,17417.785896301273
6034,24071.568574077766
6035,18174.78059182322
6036,18815.214423666523
6037,21538.099501875582
6038,16281.93732928788
6039,16573.618809402487
6040,45753.09930477425
6041,23399.935074527493
6042,16317.787377020262
6043,22356.01208594921
6044,16379.227805235954
6045,21964.87224600744
6046,55042.58800791006
6047,27285.98804952198
6048,23763.260781426292
6049,23698.938624328144
6050,27225.53071135611
6051,27733.924054663774
6052,16331.111049144392
6053,23318.25989062522
6054,25389.36939991297
6055,27902.78346743544
6056,23816.763322012834
6057,26616.581711071354
6058,28480.0199370902
6059,29075.795721049544
6060,16720.039346658228
6061,40253.724284211974
6062,18942.6052565803
6063,28283.952088606973
6064,22899.433834728785
6065,26038.356823185502
6066,20289.377735594826
6067,24731.467519491984
6068,20516.177841945628
6069,24095.04345460329
6070,26727.79746379951
6071,16023.462884087156
6072,16220.172787853726
6073,43513.67256520182
6074,22559.001419266187
6075,16174.726357620759
6076,20326.539619077037
6077,17245.446915614
6078,23726.35549841521
6079,17622.413182358832
6080,28271.098272551764
6081,18027.700319813666
6082,24293.199769629115
6083,25096.495332372713
6084,25789.508901784462
6085,25902.06728926046
6086,15999.236690857999
6087,16257.015823261045
6088,27114.545379497315
6089,30174.583443649855
6090,22919.483044136126
6091,25747.485892817218
6092,34505.75143989206
6093,19727.82619322679
6094,19472.63603338443
6095,20195.27776997641
6096,16821.849607048658
6097,17026.68413097162
6098,16730.057430597863
6099,23953.97446662007
6100,37703.19661907635
6101,18802.436802457974
6102,21886.86232626833
6103,17881.192335018968
6104,19998.339178067283
6105,27592.953581972957
6106,24306.32425403852
6107,16846.492201484365
6108,22797.18390155541
6109,29851.05509324918
6110,22185.4799279426
6111,24147.21339222029
6112,28954.66720149966
6113,27442.264776571446
6114,22980.475750297785
6115,17426.325461021814
6116,29032.677800827118
6117,26661.076239611444
6118,17558.262488767778
6119,17290.503988542012
6120,24396.80363132527
6121,20433.211742223797
6122,19422.850898518376
6123,26978.03915018173
6124,23678.746865590627
6125,18734.189175523294
6126,19286.87687504105
6127,18386.16503801197
6128,18080.698286064253
6129,22123.293922876186
6130,23244.900509805506
6131,24480.32778800913
6132,18598.75335409451
6133,24704.500939694863
6134,22352.167548044592
6135,17911.00858759576
6136,20911.757006797932
6137,21238.80514162454
6138,24184.67327073948
6139,40400.243177028475
6140,24177.25003716522
6141,27150.08029328364
6142,16522.405251925582
6143,20577.962038580492
6144,16252.421547859381
6145,31174.585586509893
6146,23578.669284021456
6147,16721.582275240617
6148,24851.471082581502
6149,29529.684839602232
6150,21841.736467200986
6151,17389.20707940948
6152,16177.564804506406
6153,22718.614334694237
6154,25679.775150407535
6155,19850.37762940031
6156,31532.16059664851
6157,24790.633908963016
6158,24884.65791412109
6159,19622.24934035037
6160,28298.50340281212
6161,24483.924941497877
6162,20184.793505144167
6163,40833.03094507415
6164,19746.32808333295
6165,24294.512732270152
6166,20043.214551607747
6167,22746.56252988428
6168,18726.46476938676
6169,20122.966720542987
6170,25858.116421454288
6171,17870.751594525696
6172,23762.638284481247
6173,27805.83386190616
6174,22575.43647352135
6175,38833.138075851326
6176,17198.719361512773
6177,27093.391159813556
6178,24765.821030473915
6179,36884.30151598908
6180,23362.762101972574
6181,22921.350563266205
6182,20644.11310695169
6183,19997.844083620756
6184,18178.116543868317
6185,17875.407413094228
6186,15985.891736674263
6187,19902.087884669065
6188,28296.02603178926
6189,16823.806130083874
6190,17752.524055848506
6191,27446.54800129318
6192,25914.856018011415
6193,32496.451958562484
6194,32051.256972406078
6195,26867.040468138875
6196,31442.03017002924
6197,39434.94346300632
6198,34780.76825942936
6199,16680.351510277847
6200,42421.416556971424
6201,26231.298976305865
6202,39684.87270301
6203,67725.80396613794
6204,21711.02282659783
6205,22525.6999956881
6206,44275.26664890969
6207,20577.516451714444
6208,16643.97021122847
6209,17167.93921788941
6210,16008.77612301286
6211,30084.586373550297
6212,24531.609148900756
6213,37120.44570265955
6214,17267.030501829624
6215,23929.216599662708
6216,32604.52316575226
6217,23888.366241554202
6218,16701.880948079997
6219,18064.388649370383
6220,19756.754233547377
6221,20283.91560097408
6222,25414.024111996387
6223,18229.81852942486
6224,18899.914325779253
6225,55148.459471102105
6226,17584.20872327622
6227,22639.616596108313
6228,16685.248515359905
6229,22201.515075946878
6230,24286.593170285323
6231,27503.73533318492
6232,18692.088548695963
6233,20692.832902571776
6234,16531.4191306033
6235,18859.390558963638
6236,16898.62607871313
6237,21146.674402691948
6238,17047.512021789673
6239,16665.461388856027
6240,23107.970325919214
6241,17191.424637793003
6242,27439.51422506277
6243,38529.48308183059
6244,19164.728472062707
6245,28537.17391871473
6246,25522.728854108118
6247,30354.952592780006
6248,23803.374840518594
6249,23445.06113568689
6250,28531.8129567209
6251,19135.12519381266
6252,24746.104067948207
6253,16474.589083493836
6254,17462.178718162617
6255,16645.56395162399
6256,17989.648351305474
6257,23088.612798785005
6258,18807.64146278769
6259,27144.46066148639
6260,19542.812285293734
6261,25539.501907460446
6262,30169.612349433624
6263,26788.064642022193
6264,32338.766726242648
6265,34129.01152636079
6266,25588.093183288398
6267,19119.982693259393
6268,21968.218204820423
6269,21936.709023346324
6270,25552.43767931687
6271,29046.982960936606
6272,24883.687868505942
6273,38134.03367774293
6274,24574.38789646415
6275,20089.234884039764
6276,16438.30935670182
6277,17215.023922337296
6278,27907.106776660217
6279,43327.943252953584
6280,28961.424602575666
6281,16143.819512476364
6282,21229.126805332515
6283,17977.931575715407
6284,17550.461785257943
6285,23707.295041019734
6286,24177.95834115474
6287,17182.717885018108
6288,27515.228993625795
6289,25981.79649465068
6290,36553.05076638555
6291,17884.04794183999
6292,23650.678533681905
6293,24572.457060721834
6294,26869.97336625917
6295,82880.9655804216
6296,19896.96659414383
6297,18067.60629486985
6298,19638.15882659865
6299,27347.8258899754
6300,28904.006349684878
6301,17879.34976164398
6302,27677.263682223394
6303,25306.809935381116
6304,28161.428595352503
6305,17178.17621402189
6306,26993.945581833515
6307,21157.228649995537
6308,25711.19156045709
6309,17639.024971489398
6310,26329.18859301751
6311,23342.101592315154
6312,17802.538050967756
6313,24543.8316528447
6314,16532.888639981014
6315,28122.03451583363
6316,22696.986485761397
6317,18140.878121052814
6318,16463.75076516472
6319,20675.129207841164
6320,17360.657266635357
6321,16845.81859275124
6322,27945.371255122154
6323,17685.922132427102
6324,19314.01233570137
6325,40085.794336125444
6326,19651.15245917385
6327,16024.352664741231
6328,24211.140302718326
6329,17499.154734476226
6330,34637.507768625015
6331,26176.55935746054
6332,22244.693943790546
6333,30381.925627971348
6334,34192.06672363127
6335,28791.403775607025
6336,29972.839264990314
6337,23304.696504575862
6338,21892.497578422666
6339,35539.70157401703
6340,24871.291778081773
6341,17188.138724080367
6342,16267.93536146839
6343,16811.55604419935
6344,39299.801470323015
6345,24456.031639753684
6346,23544.589811025722
6347,26708.33708206607
6348,18157.35144830867
6349,30139.158223324997
6350,24113.30378763392
6351,24254.361824615913
6352,22724.43719668237
6353,34208.74585496106
6354,16158.512220721434
6355,20181.755330519005
6356,18964.82933661657
6357,17306.88063626793
6358,17509.913502036947
6359,27608.62394096659
6360,27231.607398223157
6361,22817.21131505605
6362,17034.66204372689
6363,17459.20520947581
6364,29403.20179140341
6365,32985.40701597919
6366,20409.084436412395
6367,20809.363874273087
6368,25992.01547755119
6369,20874.27017560765
6370,17200.266714239624
6371,46938.88700348452
6372,25493.89872159448
6373,16214.514360501074
6374,17832.352935647123
6375,38393.87042418425
6376,36034.8427916901
6377,16758.564992485928
6378,43730.782182767594
6379,21573.33210966393
6380,31796.087867710103
6381,18369.395709593267
6382,23880.267269723383
6383,27457.451990139572
6384,16359.595820530505
6385,21618.035221379458
6386,34584.62404054798
6387,18023.67246162332
6388,27380.2111666747
6389,20954.193137951883
6390,53983.96451266942
6391,31631.192018101086
6392,26970.759881061294
6393,16784.988922640612
6394,17202.47248515788
6395,19397.77249779081
6396,24794.91589896512
6397,26233.434553208543
6398,16160.101739931675
6399,18240.00675187899
6400,89219.93572935466
6401,41082.00787240658
6402,16173.05214615557
6403,17358.764166533947
6404,18667.653049803826
6405,20068.076900279306
6406,27999.9945599562
6407,53015.9776849606
6408,22316.183774062163
6409,30190.4407815441
6410,17760.117964047637
6411,24916.644465871228
6412,24429.70016835181
6413,17182.689234233992
6414,17952.533986065824
6415,30646.997632346644
6416,30955.710829145224
6417,16519.78935485272
6418,21244.70920185495
6419,17840.883691460924
6420,37380.10018317378
6421,30255.1408710223
6422,18839.106749099457
6423,36933.34883487609
6424,20384.14385441477
6425,19801.567660728248
6426,17260.247954711707
6427,17091.624509673646
6428,26506.87696250987
6429,18933.398443925566
6430,16734.139256903934
6431,20736.65184027813
6432,35777.159117022355
6433,16280.125706904464
6434,18310.900184982842
6435,17116.346200546537
6436,28293.032558490664
6437,29624.819019178285
6438,22928.46869595991
6439,18093.37445610153
6440,17233.429672823295
6441,17265.020898342667
6442,20463.745469384263
6443,17216.687006114673
6444,17076.809956075656
6445,16292.946722896913
6446,25294.60332983106
6447,30626.40952752007
6448,24095.015345908574
6449,16709.343223912372
6450,27597.064535586367
6451,16525.419389751074
6452,26465.010737436558
6453,25577.31617043352
6454,23733.749446978083
6455,16476.80044437772
6456,22753.415707403372
6457,28138.765735123274
6458,17440.8959627565
6459,19902.16157985794
6460,19700.49021107157
6461,18788.214793858435
6462,27456.59018250573
6463,24250.895350786308
6464,25772.75467169032
6465,19437.230616683253
6466,24030.7145517935
6467,21380.6924186592
6468,30351.310036377658
6469,17222.55992718661
6470,26104.878037650145
6471,16110.146491109843
6472,17793.847602156296
6473,23554.831512069475
6474,18713.103497974414
6475,18299.244573021308
6476,19278.424384955517
6477,16362.632605783307
6478,16169.92749881428
6479,28320.01471007058
6480,16089.793111783034
6481,17255.396168319337
6482,36187.65056469153
6483,27682.1576612706
6484,25907.474235915808
6485,29733.130353911136
6486,37177.91157182274
6487,16326.996299789982
6488,16396.335240180888
6489,23956.52690084862
6490,27164.47828715856
6491,30243.3596144038
6492,20155.642698562526
6493,16080.240174845543
6494,20440.43359161661
6495,28662.977593796884
6496,18265.304050731345
6497,18771.450863193077
6498,17769.32906885288
6499,22516.843445089104
6500,17695.74128197254
6501,17298.95325499531
6502,17342.24956208752
6503,23086.788145835
6504,23314.669130582064
6505,17749.55520244029
6506,16768.92918643089
6507,20476.036486748868
6508,29562.941793353286
6509,27362.02359553619
6510,26846.21916934446
6511,25520.367087507333
6512,28634.77767414708
6513,20111.79243375387
6514,23569.858350653176
6515,17017.1217477028
6516,17781.74671033464
6517,31417.40036250548
6518,19881.911015235703
6519,21664.684498217797
6520,19514.916485965565
6521,21028.2181061726
6522,27635.011913899765
6523,23148.00165156082
6524,16596.980244700128
6525,21650.815477644126
6526,29853.758548903315
6527,21898.60615657426
6528,17505.970517512753
6529,16820.168984687367
6530,35233.73180248523
6531,16686.92846443955
6532,17175.69739789287
6533,29028.111729119268
6534,19090.182841940175
6535,16732.997907818393
6536,27467.388276962898
6537,55797.69519920791
6538,40955.87053644669
6539,16118.86833002011
6540,19012.45067814567
6541,36158.52257187963
6542,17328.311212623343
6543,121024.01911429797
6544,21762.89942569678
6545,17517.864130733844
6546,31110.372947526328
6547,24680.22965083154
6548,16245.251060767654
6549,20920.43990705416
6550,16121.943874175362
6551,16663.888979977793
6552,27286.43325717065
6553,32860.09748885178
6554,19311.770795245495
6555,27473.71951138286
6556,16753.432171316534
6557,17014.569754468284
6558,37852.47972876471
6559,24412.421830088817
6560,16696.89862729121
6561,40566.57488974741
6562,17395.48944681411
6563,18998.153694029155
6564,18684.041542651474
6565,26934.271891980818
6566,20896.893585139762
6567,23755.01772706223
6568,16422.868468991677
6569,37562.999878320625
6570,18147.626159709154
6571,17686.846741157773
6572,27903.467880854856
6573,22066.67895955065
6574,27412.324162734643
6575,24027.353874554672
6576,32903.78488814726
6577,51455.10008725045
6578,17173.16539410043
6579,20897.240437052333
6580,21155.740346865474
6581,33535.05632141096
6582,35190.799567280934
6583,24255.038232880303
6584,19405.69193504424
6585,22775.8115109284
6586,23377.021143776306
6587,69944.41910913994
6588,20311.03719486892
6589,17217.089274611175
6590,16465.739286531854
6591,33388.11359531016
6592,27230.67513031432
6593,18613.241628605738
6594,26179.08906178234
6595,45588.58806704676
6596,25744.10016939789
6597,22416.08824723036
6598,17211.214324174965
6599,31043.545262627107
6600,16782.342989053315
6601,36935.51259916625
6602,16286.007644716832
6603,16731.562156256314
6604,18756.461691809407
6605,20941.842728867152
6606,27033.00207401065
6607,22327.83694978878
6608,17518.071186341396
6609,27983.74190023861
6610,33501.9679667209
6611,23482.21406090962
6612,17979.751000529275
6613,20938.743564018914
6614,24216.884036468735
6615,19886.766613556058
6616,42347.88037430859
6617,24019.061432131803
6618,16163.544952839911
6619,18388.10799524359
6620,22728.87999592591
6621,23402.13254613836
6622,23904.240698046182
6623,23974.977465223295
6624,28226.82665310775
6625,33978.50374243574
6626,27884.198275996336
6627,27637.895191793705
6628,16570.870871449213
6629,17291.30180254564
6630,16758.29739603225
6631,16531.825606362065
6632,35794.98785100473
6633,24322.573921220777
6634,16620.333560618594
6635,25449.80840674224
6636,29047.022748290605
6637,28022.181926164554
6638,22900.841183463806
6639,31118.353971106193
6640,22237.158439174924
6641,16790.759367727387
6642,16158.554780912238
6643,18197.307778559185
6644,26740.06064057259
6645,27211.325965974178
6646,26544.041476403003
6647,19670.270755599526
6648,22127.10024499381
6649,16329.306628499437
6650,28595.79509054502
6651,25626.55261532248
6652,26239.29352352236
6653,29282.041019038927
6654,17435.99993223737
6655,20040.230748259546
6656,19665.434264822914
6657,37188.34385800587
6658,27135.056942057494
6659,23655.576434431918
6660,32445.812282164105
6661,31954.580850548027
6662,21498.53392967561
6663,24332.502962505463
6664,20016.26394950652
6665,29006.745958295265
6666,16217.786382745337
6667,17947.71341108801
6668,63437.98824083865
6669,24384.933491877335
6670,27879.881082075914
6671,16129.864374396097
6672,17115.697643246804
6673,17074.25673906429
6674,16512.20981027659
6675,35852.651132597966
6676,26754.792433318722
6677,17704.27761735121
6678,26953.57716348914
6679,26641.85194601731
6680,25469.419983937627
6681,17283.068901609222
6682,18251.19653755688
6683,29236.38516439622
6684,16350.549980641294
6685,39394.01209941956
6686,29817.56927434983
6687,18120.76180967452
6688,25266.594926213846
6689,17631.329125907796
6690,25466.41731573478
6691,19204.721963789583
6692,45096.041759973814
6693,19567.994198028442
6694,24776.69826408835
6695,18389.71120870717
6696,19695.3648350482
6697,25932.07514065588
6698,19272.281270338262
6699,19312.278486847696
6700,16226.64842430402
6701,23148.65847375122
6702,20494.635482633985
6703,23352.54780472353
6704,16724.06738134828
6705,33294.379089143564
6706,16442.486351166386
6707,29044.00441558622
6708,16224.25603423746
6709,25826.86293660647
6710,22540.363532561965
6711,21596.370860126393
6712,16683.255000924975
6713,28396.044011646285
6714,16390.633219254338
6715,28016.9904260748
6716,17112.497011113865
6717,23930.799583512133
6718,34080.45138069948
6719,23732.19147617439
6720,17961.895295030245
6721,102088.66434949046
6722,15895.082771738693
6723,17462.168882461217
6724,24559.052642799885
6725,22164.69879924758
6726,34377.18565447873
6727,17512.92481233782
6728,21424.653807659648
6729,16788.773102073228
6730,24793.223854416083
6731,32858.48539642556
6732,17072.24972696051
6733,47868.090730751865
6734,17232.664127532982
6735,17611.713196268684
6736,16519.249885555764
6737,25944.21667342351
6738,27199.93252833705
6739,22702.592755014066
6740,16159.296755986827
6741,36783.4802394889
6742,29775.867992725838
6743,16666.504230779545
6744,16784.284063564497
6745,30124.32901729098
6746,25297.027733708208
6747,43679.698847988155
6748,19457.199329971627
6749,27744.947391103764
6750,17693.951678269426
6751,18292.914587634477
6752,27361.609304445134
6753,27821.15241834435
6754,16029.714778909958
6755,17125.762297250527
6756,25017.957629267585
6757,16398.773981230937
6758,27515.53175364153
6759,19628.492246151243
6760,24088.12658869657
6761,19516.540085842153
6762,23961.231627671154
6763,19086.808076123318
6764,17659.951689004632
6765,18665.638656947416
6766,20973.594745003687
6767,30433.50113403268
6768,20021.71963055884
6769,31308.88980881778
6770,19328.006525989746
6771,19613.788989278324
6772,17118.549270308264
6773,18980.580490497738
6774,38621.06845424
6775,26183.018772535404
6776,18369.64669919748
6777,23127.65048762255
6778,27545.030602797244
6779,16359.938315813557
6780,32756.01306359697
6781,36292.39816361203
6782,25931.83007643983
6783,19439.37608764514
6784,30867.094219149945
6785,33015.40284605435
6786,23810.735790991945
6787,26167.788753914094
6788,17409.270702194655
6789,19849.46705925619
6790,16977.364150789283
6791,16109.531466548824
6792,24139.908792728715
6793,17248.058014433514
6794,16694.69441237909
6795,16470.593516911365
6796,21253.00485829601
6797,32702.329895856234
6798,16771.16327873032
6799,56339.6445674625
6800,19365.375219623114
6801,21932.34222790806
6802,26776.605356410313
6803,27244.612490793665
6804,18683.580327319996
6805,31682.181014784357
6806,22207.183727812204
6807,19128.14192487403
6808,27796.548463359097
6809,18117.644567743057
6810,33465.895498455095
6811,17914.10461148827
6812,23928.82870487643
6813,27864.671397484883
6814,21033.92097305729
6815,19161.67434650336
6816,19592.126102416772
6817,29237.835444057167
6818,29201.098951920892
6819,23807.001299965672
6820,18578.0635755711
6821,33317.83023938385
6822,28339.08386371728
6823,16190.238115850969
6824,27971.935189267966
6825,18021.44585428123
6826,34909.106905180175
6827,19915.30529152915
6828,17463.83067710152
6829,24674.449061748666
6830,25859.420908869353
6831,16755.457234456433
6832,34156.8313813649
6833,24297.700818287554
6834,25069.83321369271
6835,19109.78408200884
6836,23220.788465205827
6837,17932.596715268086
6838,19764.142475938905
6839,19840.910811793638
6840,25970.748699689975
6841,17430.04824424186
6842,18024.168236214646
6843,21484.361763610425
6844,28267.20737150486
6845,38703.367252227414
6846,27457.72531835978
6847,16276.482118645814
6848,28447.49328656628
6849,20731.212396507013
6850,16460.783706233513
6851,18961.721830073602
6852,21017.71972267544
6853,27285.77779452533
6854,25417.361730120574
6855,24301.430599934636
6856,22274.463194956395
6857,17968.889420131687
6858,22537.89430748591
6859,28584.77317376029
6860,19639.88274220775
6861,30756.656692626697
6862,19772.55850116479
6863,50597.863146345466
6864,16597.562415672088
6865,29627.78721739249
6866,28340.703576870837
6867,28542.171140570885
6868,17901.911632359723
6869,27209.308153567134
6870,26712.501113836384
6871,89707.18410917721
6872,23406.665624261237
6873,50663.82604187494
6874,23053.89228300928
6875,30793.477964929574
6876,26438.76839564046
6877,17580.32452485236
6878,19042.203031999165
6879,27080.786796625987
6880,17763.83766214244
6881,19088.001407484528
6882,17946.804826072475
6883,22350.790196624333
6884,16601.94173363458
6885,28005.775887702108
6886,20277.0407421882
6887,28239.9988326331
6888,36989.52352804731
6889,23804.198310106458
6890,17118.64964064687
6891,24404.800216768537
6892,20401.083720840314
6893,20655.842622782184
6894,25861.64819731244
6895,16100.30098212955
6896,27519.853466284534
6897,17237.520437596526
6898,26376.008235256242
6899,20717.48321237927
6900,39741.909997978684
6901,17170.05944917187
6902,26984.292512819407
6903,27082.576114712087
6904,16272.1791579716
6905,20173.857891022795
6906,21184.57374417632
6907,18973.2143053289
6908,16237.95205799795
6909,17239.1204152934
6910,43010.64009250286
6911,24425.333505066283
6912,21953.92873746971
6913,23543.160825814855
6914,19040.799120264754
6915,41203.344508854774
6916,23048.63881424116
6917,17497.891633201783
6918,33339.58457566364
6919,40098.66440319868
6920,24631.812381582156
6921,20865.621985533344
6922,17530.8931739144
6923,31539.660328685255
6924,39997.85629648651
6925,20369.579113851865
6926,17021.047535580547
6927,70061.76055980001
6928,18844.904018774134
6929,18646.407510004083
6930,17353.107643274947
6931,18797.012564033557
6932,32961.88254102682
6933,26781.45080064962
6934,28376.707167508954
6935,32071.539021543562
6936,19714.014771801576
6937,16830.382161953494
6938,18697.236174048277
6939,16682.830937034698
6940,23748.33953289718
6941,29529.333028834084
6942,19374.790642802865
6943,19580.917478147858
6944,22981.42175545736
6945,30725.144689422563
6946,27565.538431875997
6947,112334.92621072971
6948,25191.913718350443
6949,26998.32765120163
6950,27905.47927025534
6951,16527.67753649407
6952,23536.533728318638
6953,18545.2399033032
6954,18718.945432253404
6955,22458.020384498683
6956,21385.612410922186
6957,21964.447092616676
6958,25367.29309678709
6959,18423.76782387714
6960,20541.30496133297
6961,19352.22931153887
6962,37700.16320211865
6963,18472.886921937778
6964,16409.764234299335
6965,21629.169743415907
6966,28060.015484702853
6967,25136.419699619146
6968,18725.16612818471
6969,17528.517500922706
6970,19913.36308313924
6971,31066.35120442008
6972,28667.947655254426
6973,16303.661171795256
6974,18421.343866584768
6975,17474.392610537816
6976,27442.031077960128
6977,17867.662915137713
6978,27178.959667376064
6979,29006.17805948768
6980,18706.263707047412
6981,21950.25841117986
6982,17186.69970836424
6983,21424.299708216462
6984,16337.975840604446
6985,20693.63253035977
6986,27554.298838319675
6987,21991.378820264435
6988,16199.177972228568
6989,49916.91831942965
6990,17452.898214652236
6991,23782.69366051468
6992,53799.20001298623
6993,31371.545302201288
6994,22825.217901714244
6995,30971.51868486513
6996,31377.347457702217
6997,16641.714125878025
6998,19205.453195777933
6999,36384.49793887096
7000,18722.647191654993
7001,27181.630389289116
7002,24388.281381717694
7003,21156.931914343313
7004,36304.58908110263
7005,21447.00363431466
7006,25862.930941073995
7007,18773.62873311122
7008,18218.95266660451
7009,17988.949298892483
7010,20340.03945502878
7011,16744.56538934495
7012,21143.481150171952
7013,31219.67547063563
7014,19324.494938305117
7015,18303.232335374207
7016,29794.183637429032
7017,28313.50128680625
7018,37654.35021093412
7019,51980.805226219876
7020,19906.581929795146
7021,16765.723984209857
7022,16696.123876985996
7023,20821.279539509964
7024,21505.17131945867
7025,28222.296147030083
7026,27948.599005028453
7027,36314.292886748124
7028,32375.360277607957
7029,42019.05819469386
7030,23585.34982576257
7031,16745.35137029979
7032,18605.509548774076
7033,20944.466550180117
7034,23967.26972409555
7035,20596.59504242792
7036,18220.28080801395
7037,17163.58752334141
7038,28950.86947367197
7039,26220.84751242442
7040,22616.50626484121
7041,31268.254206315134
7042,24567.95262157344
7043,19051.437378525414
7044,31098.9301999256
7045,19123.47424618525
7046,20523.66803812085
7047,128111.26449627201
7048,51497.762228434556
7049,25575.00408571913
7050,18670.0160123021
7051,31857.694946377374
7052,40083.698912115986
7053,17879.03158132341
7054,20726.197509376114
7055,32481.91040734097
7056,16804.272220250947
7057,20289.65548189389
7058,23103.158532131634
7059,31680.131372531712
7060,32319.76180891145
7061,28079.140900863935
7062,21078.882524900953
7063,16759.634518197774
7064,25012.664806491088
7065,16711.36234477501
7066,20782.68159296433
7067,20817.04237579944
7068,25217.386588047142
7069,18721.553324140124
7070,24750.574630276664
7071,16308.910826162219
7072,27495.223895306128
7073,23526.63366153847
7074,23171.302621832318
7075,28507.662828690864
7076,18481.89052043727
7077,18463.179393877188
7078,26208.605594240216
7079,18523.57064436279
7080,23413.49851057099
7081,43143.65073644214
7082,16194.68980961671
7083,16471.539495883986
7084,18267.312784745216
7085,16169.050015455327
7086,20430.958590408427
7087,16652.112195762442
7088,19789.75464312831
7089,19575.712330815168
7090,16641.038134660877
7091,17013.93438298551
7092,30643.308475757567
7093,20025.264721734704
7094,18010.273049056195
7095,21048.6424247616
7096,30460.0218800651
7097,16132.82615576127
7098,18921.906685563492
7099,20995.558886277995
7100,24421.90411574612
7101,16452.87429182839
7102,29211.108789194997
7103,23350.00721345204
7104,20935.626775263692
7105,19690.813158173714
7106,27235.956198638392
7107,28660.09135698522
7108,74594.43734638534
7109,18891.12878411813
7110,17796.032914461528
7111,22988.89050077074
7112,21909.163412525962
7113,18114.254604183898
7114,26721.887212268277
7115,25531.905708656937
7116,27946.179440565753
7117,23288.1104888369
7118,17453.513982339868
7119,25075.27433094941
7120,18259.757538097467
7121,19921.385501281264
7122,17654.696065604145
7123,20552.370871384224
7124,23784.134486492767
7125,23232.70567055866
7126,23595.995645791383
7127,31663.999245587016
7128,16772.99714917231
7129,37389.55853128177
7130,17278.542546348257
7131,19155.88143380907
7132,28238.41740108442
7133,22844.039452645746
7134,30964.235595476544
7135,32919.056752128934
7136,33521.51245588729
7137,22429.441055201423
7138,36979.23139608414
7139,37355.99642308593
7140,26093.284957396154
7141,23731.52040175155
7142,28963.61664452538
7143,24214.921413908094
7144,27837.192501662033
7145,19640.781166137454
7146,16028.543938496026
7147,19349.897976718108
7148,19304.700593903057
7149,17338.32919628045
7150,16575.409061894705
7151,16967.11715333346
7152,23886.793524742054
7153,18826.93070580543
7154,20092.152994863125
7155,34879.02694785815
7156,27908.15018992588
7157,30669.52075676917
7158,60616.89334589591
7159,20243.656717863658
7160,16320.851028512598
7161,18780.74140224278
7162,24415.95200527452
7163,23600.46629470634
7164,31419.507465546674
7165,23689.837997073555
7166,23178.50523456961
7167,35510.19931261112
7168,16463.080993888783
7169,31969.34744721773
7170,16713.147196036658
7171,29048.8486692801
7172,17586.69757733427
7173,18529.025634333182
7174,18707.912267980424
7175,24349.79044769396
7176,21423.782374961833
7177,30053.673712549265
7178,24308.402659936964
7179,21463.08628676294
7180,21626.563806281447
7181,16608.47157545227
7182,25862.350197798678
7183,27364.139375173374
7184,26865.238041772045
7185,23967.875307689865
7186,19157.905651165755
7187,71344.50666682947
7188,21504.426221729616
7189,31475.690064992177
7190,20122.09139940519
7191,16387.24577499659
7192,27082.62893397651
7193,23829.711889343052
7194,29500.596874338935
7195,17026.695957697022
7196,24493.487707626296
7197,30424.355549824897
7198,20751.50028011385
7199,24099.8141496447
7200,36295.441201528636
7201,23028.796846762052
7202,17522.0781702324
7203,30040.574411928512
7204,16067.933156757548
7205,16218.38581695707
7206,18574.96430365174
7207,23469.677647791723
7208,18394.71954258227
7209,18990.070244950428
7210,42047.622466476096
7211,16097.925252581572
7212,22351.100217642903
7213,22008.689303518142
7214,16653.800243939248
7215,16134.079529847775
7216,26331.72352684189
7217,18659.88965746548
7218,24089.841673912677
7219,23879.56385541949
7220,16273.133122976564
7221,16905.313613370392
7222,24480.434172463913
7223,26887.772629303196
7224,18808.259447924163
7225,17205.90412731061
7226,22275.525101834963
7227,29863.63869743221
7228,16813.215252878752
7229,27839.37290622075
7230,23257.55671185125
7231,18891.5066245877
7232,24553.747065801253
7233,22279.351615098993
7234,19176.468224919383
7235,22251.540272818234
7236,17245.1105634597
7237,18257.01234815907
7238,44404.48419954922
7239,17023.063116244684
7240,38231.29757630115
7241,19599.780980485746
7242,37242.124169150644
7243,17158.47218071059
7244,31692.300316397475
7245,24618.31227288686
7246,18593.158588250244
7247,16602.19578027403
7248,26666.313355450042
7249,25386.1881787921
7250,20095.551233504302
7251,16540.75758244356
7252,23253.060762409525
7253,18625.674112123557
7254,25860.159476848567
7255,30246.323871982237
7256,19126.45926446339
7257,26405.261853940938
7258,27309.151485730294
7259,39394.057383536274
7260,22366.314515020495
7261,34461.17746194107
7262,16518.68775651828
7263,20147.440570366605
7264,16598.618605301508
7265,16228.225958298734
7266,42459.244045405096
7267,22264.048562134438
7268,16750.622208249766
7269,17888.34729356149
7270,31202.280885265725
7271,47216.349348886855
7272,25090.640053641986
7273,29842.444884885965
7274,26019.33285081879
7275,29621.205121997966
7276,24451.543797083174
7277,16354.887458058278
7278,25989.282415448124
7279,23887.085529977638
7280,23601.16650464707
7281,25151.31543438438
7282,19044.983850392662
7283,18046.41354461663
7284,38112.92440277709
7285,30494.727334801253
7286,23675.964758672988
7287,20794.410680602035
7288,22754.775473725174
7289,47164.142733081244
7290,16928.43415271569
7291,18867.61920023829
7292,17550.847954925146
7293,17479.971566666027
7294,32021.236427289517
7295,16673.781289070426
7296,23684.855092834452
7297,19957.473826496625
7298,17220.415971295046
7299,16383.701298909335
7300,28017.469105066943
7301,16534.87578106177
7302,28134.514750971273
7303,27359.41150585949
7304,36162.571238147226
7305,24543.893420123088
7306,16607.726849934035
7307,16208.917569376516
7308,26658.878058686692
7309,16587.983589386182
7310,17858.25999246931
7311,18795.061126987075
7312,28923.967016605984
7313,23407.99685066154
7314,40376.32591659142
7315,17554.557243220075
7316,18967.975596486223
7317,27604.561203652855
7318,27762.88300926283
7319,16502.35560054111
7320,24467.875241373564
7321,17740.833245341582
7322,18668.60046593515
7323,37756.39442512512
7324,43241.06198410655
7325,20737.916174997386
7326,40892.47108468313
7327,20061.488055395614
7328,26657.344210759056
7329,21523.196120590914
7330,17871.362110943195
7331,32218.79541878506
7332,18739.321856290226
7333,22475.05552306078
7334,17369.636411430176
7335,18928.7141041696
7336,20633.12708577216
7337,19112.250122450045
7338,18655.23543287683
7339,25698.455545714518
7340,28551.81886756204
7341,50787.78320263153
7342,26044.51921400291
7343,39685.81067320367
7344,19212.412915698944
7345,23870.639085729148
7346,48990.00498276818
7347,26705.7969356461
7348,22921.73600495459
7349,21193.630079318376
7350,27568.659477334033
7351,16703.046474297815
7352,16732.840888907245
7353,16708.978729070677
7354,17098.113279579473
7355,16467.48098889744
7356,27724.45078920331
7357,30185.080734179355
7358,27893.92559451932
7359,17914.842402662027
7360,22496.31841542234
7361,21705.538899605
7362,16346.460659124083
7363,27274.801521229867
7364,20834.590876355378
7365,19601.62413099484
7366,18072.17653945078
7367,16243.05109906581
7368,17238.638694862588
7369,19842.54884787855
7370,17786.224137650264
7371,21031.60250025376
7372,23081.801819054588
7373,20182.848861827682
7374,26048.2830201884
7375,18149.66495082834
7376,16924.167057603438
7377,18255.81185571146
7378,21742.017234805488
7379,26967.188350273616
7380,30722.29164594082
7381,16326.260716999332
7382,16650.645688430068
7383,16912.561658884042
7384,25137.928915725406
7385,16360.229214509383
7386,25975.55721448273
7387,26165.859611117674
7388,44147.000625346074
7389,26480.189202655703
7390,17612.592669984246
7391,17438.061789931282
7392,31969.67503061106
7393,17463.208907478118
7394,35353.17709625751
7395,16886.894115623207
7396,19503.20840086017
7397,18553.534275605503
7398,18883.9704342757
7399,16332.117794434113
7400,28207.734432743404
7401,21581.176125049788
7402,32118.733285967337
7403,16533.072501248185
7404,28143.68229386131
7405,22251.965475102
7406,17519.336362047667
7407,25779.44649769352
7408,27077.28631636301
7409,18611.918757747906
7410,24929.51919528976
7411,16838.28907588983
7412,28072.534041746458
7413,19652.877711128174
7414,33491.683389339116
7415,17580.145228676916
7416,25522.274428034747
7417,16664.32522723558
7418,17204.547747974495
7419,35049.47828854453
7420,35343.37407826388
7421,18070.2511997656
7422,20482.72475591048
7423,16634.948489986084
7424,18599.85846732423
7425,28782.06053732438
7426,34041.61271305567
7427,18424.391462660464
7428,19630.300916013475
7429,44752.67045269975
7430,18099.522044414633
7431,22736.447807904162
7432,29611.05230249546
7433,17330.50850663195
7434,29645.00119407562
7435,16555.311796631417
7436,47468.10050509502
7437,31095.80427350196
7438,23975.90135336808
7439,18086.325222309602
7440,31727.180811210328
7441,22043.944730077328
7442,17193.14202444567
7443,22900.63711538574
7444,27592.973149580455
7445,30144.837555136546
7446,16214.309445263245
7447,24549.734954174495
7448,29434.009284906588
7449,17560.513025375792
7450,20454.338290299744
7451,39220.188048568074
7452,22611.699984446208
7453,17114.35864775254
7454,25582.137222025343
7455,19258.392354393796
7456,26543.258655149304
7457,23550.783720965774
7458,21281.09980311799
7459,17158.4500399437
7460,16538.06711318308
7461,20241.122577804632
7462,24185.431263185084
7463,30010.695064870346
7464,21004.783595348417
7465,19436.51405031483
7466,30143.02001903712
7467,26713.935551976254
7468,18985.011788315573
7469,17934.17016518571
7470,29312.661997208423
7471,19047.894380051366
7472,22360.707189710836
7473,16971.854367367185
7474,24764.931582515444
7475,18472.065717862337
7476,21100.03018344948
